Stock_ID,Date,Close,High,Low,Open,Volume
DFAC,2021-06-14,25.311996459960938,25.463678686761135,23.577129408763263,25.30251609476158,397300
DFAC,2021-06-15,25.364133834838867,26.192699246909275,25.226673070348255,25.264592720078365,848000
DFAC,2021-06-16,25.236154556274414,25.49211717586238,24.98967049339421,25.05603123951682,748100
DFAC,2021-06-17,25.01810646057129,25.255110127104007,24.819024248617158,25.150829743401857,484200
DFAC,2021-06-18,24.572542190551758,25.018108468442946,24.572542190551758,25.018108468442946,770000
DFAC,2021-06-21,25.04654884338379,25.079729213754224,24.686304047278526,24.762145152153032,927400
DFAC,2021-06-22,25.145383834838867,25.410523419547836,24.888799654190866,25.002836665015398,419800
DFAC,2021-06-23,25.10736846923828,25.39246276763414,25.10736846923828,25.14538019648457,409000
DFAC,2021-06-24,25.289831161499023,25.3535036655357,25.214757494561223,25.240414642552544,341900
DFAC,2021-06-25,25.4589900970459,25.506505216033688,25.325944501225997,25.43047993810186,883200
DFAC,2021-06-28,25.36396026611328,26.637385142349427,25.278431594382067,25.544519184136284,700000
DFAC,2021-06-29,25.36396026611328,25.50650744813672,25.33545010467429,25.392468614966514,371800
DFAC,2021-06-30,25.639549255371094,25.639549255371094,25.230912702686215,25.230912702686215,1005500
DFAC,2021-07-01,25.573020935058594,25.649046194640107,25.487492291456245,25.63954281061927,618800
DFAC,2021-07-02,25.69656753540039,25.725075879782104,25.56352194880564,25.6680573784332,481800
DFAC,2021-07-06,25.477994918823242,25.7440842964334,25.32594436378475,25.51600846387566,447200
DFAC,2021-07-07,25.54451560974121,25.59203253882391,25.37346010280001,25.38296167603104,319700
DFAC,2021-07-08,25.268922805786133,25.42097334245379,25.083611327509008,25.24041265044143,711100
DFAC,2021-07-09,25.6490535736084,25.696570507382706,25.126379990190827,25.126379990190827,461100
DFAC,2021-07-12,25.76308822631836,25.76308822631836,25.582527532413216,25.620539260685913,288000
DFAC,2021-07-13,25.563522338867188,25.696567927492016,25.544515567265712,25.601535882070138,399700
DFAC,2021-07-14,25.535011291503906,25.748831105341218,25.449482640934857,25.601533172483098,428500
DFAC,2021-07-15,25.439979553222656,25.49699805007277,25.278425634992896,25.49699805007277,599300
DFAC,2021-07-16,25.183399200439453,25.582532392346074,25.139685070216558,25.582532392346074,463700
DFAC,2021-07-19,24.7652587890625,25.050354956774168,24.594201450952642,25.050354956774168,620200
DFAC,2021-07-20,25.235668182373047,25.325947644689602,24.746255508227474,24.898306082963686,372400
DFAC,2021-07-21,25.516006469726562,25.516006469726562,25.30693561344893,25.373459312091644,2400900
DFAC,2021-07-22,25.449481964111328,25.59202910707363,25.33544316219033,25.59202910707363,415100
DFAC,2021-07-23,25.639549255371094,25.744084693291118,25.47799531157906,25.744084693291118,567100
DFAC,2021-07-26,25.7155704498291,25.744080604529834,25.573023301496097,25.573023301496097,1094900
DFAC,2021-07-27,25.601533889770508,25.70606750027286,25.430476583839834,25.70606750027286,737300
DFAC,2021-07-28,25.6490535736084,25.77259578883591,25.51600978421171,25.56352490540033,375700
DFAC,2021-07-29,25.848613739013672,25.924638998904324,25.677556451113414,25.677556451113414,248600
DFAC,2021-07-30,25.744083404541016,25.87427598540534,25.658554743721766,25.658554743721766,364200
DFAC,2021-08-02,25.67755889892578,25.972156582512568,25.668055513960358,25.82010604823646,417300
DFAC,2021-08-03,25.88568115234375,25.886630947175373,25.54926889822148,25.782095512958737,435100
DFAC,2021-08-04,25.668060302734375,25.839117638854727,25.668060302734375,25.744085584056123,594800
DFAC,2021-08-05,25.839115142822266,25.858120101877578,25.66805782322588,25.66805782322588,406900
DFAC,2021-08-06,25.953155517578125,25.999720845334906,25.88663362078272,25.88663362078272,297900
DFAC,2021-08-09,25.886629104614258,25.98166114599377,25.85051696514175,25.98166114599377,388900
DFAC,2021-08-10,26.019676208496094,26.045335171095374,25.906588989184915,25.953154314783635,272800
DFAC,2021-08-11,26.16222381591797,26.16222381591797,26.000669877167695,26.11470688535285,318700
DFAC,2021-08-12,26.18122673034668,26.190730115717326,26.048182960328525,26.190730115717326,407700
DFAC,2021-08-13,26.152721405029297,26.18122975184587,26.105204472692293,26.18122975184587,379500
DFAC,2021-08-16,26.18122673034668,26.18122673034668,25.936045550574526,26.000667846060733,542200
DFAC,2021-08-17,25.934146881103516,26.067190655841596,25.725076020703117,26.067190655841596,501700
DFAC,2021-08-18,25.658554077148438,25.98166194016381,25.649050691461458,25.810604622969144,366700
DFAC,2021-08-19,25.592031478881836,25.661404561142408,25.45043411747527,25.52550959350669,473200
DFAC,2021-08-20,25.82961082458496,25.83911421006231,25.544514698020766,25.573024854452818,381400
DFAC,2021-08-23,26.06719398498535,26.114709107007155,25.98166531527753,26.00067208912054,884500
DFAC,2021-08-24,26.19073486328125,26.219245024561182,26.088100820293544,26.105206192027204,411400
DFAC,2021-08-25,26.266756057739258,26.342781330062948,26.14321566993281,26.1622224411601,342700
DFAC,2021-08-26,26.06719398498535,26.285766446422798,26.06719398498535,26.285766446422798,372700
DFAC,2021-08-27,26.428308486938477,26.44731525708623,26.114704029842017,26.114704029842017,612400
DFAC,2021-08-30,26.43781280517578,26.52334146127417,26.390297690714647,26.52334146127417,364100
DFAC,2021-08-31,26.39980125427246,26.447316369054235,26.33327755595836,26.409304639745905,437400
DFAC,2021-09-01,26.39980125427246,26.485329910948007,26.319023384040918,26.409304639745905,550000
DFAC,2021-09-02,26.513843536376953,26.561360473209607,26.418811475297446,26.542353698476546,614600
DFAC,2021-09-03,26.456819534301758,26.485329690484768,26.40455182092562,26.466322919696093,352900
DFAC,2021-09-07,26.257251739501953,26.415004672431436,26.257251739501953,26.390297320781908,370900
DFAC,2021-09-08,26.20023536682129,26.245850894814513,26.057688201281625,26.18122859472652,469800
DFAC,2021-09-09,26.105201721191406,26.323775961732537,26.08619676284537,26.171725419451583,545100
DFAC,2021-09-10,25.92464256286621,26.30381911981595,25.90563579213432,26.20023348813694,283900
DFAC,2021-09-13,26.000669479370117,26.09569971387531,25.87997847142535,26.067191368557967,385700
DFAC,2021-09-14,25.82010841369629,26.14321628178026,25.75168512322797,26.14321628178026,414000
DFAC,2021-09-15,26.057689666748047,26.08619982649359,25.796352879797006,25.89613572002793,787800
DFAC,2021-09-16,26.010173797607422,26.105204035518735,25.84861985553835,26.029178757638324,565300
DFAC,2021-09-17,25.801097869873047,26.010168702528922,25.746930572370896,25.96265178029566,450800
DFAC,2021-09-20,25.38296127319336,25.497000088596494,25.06935679656659,25.497000088596494,640600
DFAC,2021-09-21,25.322919845581055,25.553561974151116,25.2466747692194,25.55165507466602,497500
DFAC,2021-09-22,25.637432098388672,25.770862351041025,25.454444270937493,25.523065387916468,340200
DFAC,2021-09-23,25.990066528320312,26.104433237915455,25.741317026233503,25.761331291303957,592200
DFAC,2021-09-24,26.028188705444336,26.075843016964672,25.889995746600633,25.894760268839608,462400
DFAC,2021-09-27,26.12349510192871,26.198787640474535,25.990066667411618,26.00912839172151,690000
DFAC,2021-09-28,25.618370056152344,25.99769036765667,25.618370056152344,25.99006640514008,597100
DFAC,2021-09-29,25.656490325927734,25.7994496034466,25.646959465049697,25.723204534248147,440600
DFAC,2021-09-30,25.322919845581055,25.837575474391734,25.322919845581055,25.770861259803535,657200
DFAC,2021-10-01,25.627901077270508,25.78039123550511,25.19902318892046,25.43728928839029,386300
DFAC,2021-10-04,25.380102157592773,25.65458478480378,25.278125758233305,25.570715749593116,567300
DFAC,2021-10-05,25.618370056152344,25.761331169207818,25.40869654433762,25.504003347099246,607600
DFAC,2021-10-06,25.637432098388672,25.666024684919766,25.29433014914597,25.38010427308708,511600
DFAC,2021-10-07,25.92334747314453,26.094897505519537,25.83757154804416,25.866162311193793,437400
DFAC,2021-10-08,25.885229110717773,26.009128501428613,25.84710747976327,25.999597639233464,2129600
DFAC,2021-10-11,25.694612503051758,26.028185369638553,25.694612503051758,25.875695227969025,518700
DFAC,2021-10-12,25.66602325439453,25.79945168178401,25.61836894616544,25.751799191380908,443100
DFAC,2021-10-13,25.694612503051758,25.723205086299497,25.470643630001696,25.723205086299497,520200
DFAC,2021-10-14,26.15208625793457,26.15208625793457,25.923351032205378,25.932880076013028,495100
DFAC,2021-10-15,26.285512924194336,26.38081971631972,26.266451202204085,26.323636368174835,468000
DFAC,2021-10-18,26.333166122436523,26.361758706194003,26.135882929770236,26.152085212116884,496100
DFAC,2021-10-19,26.504718780517578,26.514249642054576,26.371290354651546,26.466597152195554,1091300
DFAC,2021-10-20,26.638147354125977,26.683892941679186,26.485657214746347,26.504717118799412,452500
DFAC,2021-10-21,26.723926544189453,26.733455588465286,26.55713918414517,26.60955801679263,493700
DFAC,2021-10-22,26.733455657958984,26.828762461399744,26.60002722383757,26.74298652008567,428500
DFAC,2021-10-25,26.819232940673828,26.857356391087357,26.66674277467204,26.80017303329323,523600
DFAC,2021-10-26,26.752517700195312,26.92406958486254,26.742986837955343,26.92406958486254,446300
DFAC,2021-10-27,26.457069396972656,26.751566327086575,26.457069396972656,26.723928097862466,496100
DFAC,2021-10-28,26.781105041503906,26.800166762250367,26.495184683784203,26.56190070639682,470600
DFAC,2021-10-29,26.828763961791992,26.843061164694625,26.67150927247248,26.685804657548932,619700
DFAC,2021-11-01,27.000314712524414,27.027952940590747,26.84782455206847,26.86688627658199,1286700
DFAC,2021-11-02,27.124210357666016,27.133741219245127,27.019374515947746,27.07655786759644,573200
DFAC,2021-11-03,27.305294036865234,27.351993987740656,27.019375450902135,27.076558804529547,651100
DFAC,2021-11-04,27.39106559753418,27.45777980240569,27.2766989085618,27.352943973818636,591000
DFAC,2021-11-05,27.581682205200195,27.672222662086927,27.467313685814794,27.56262048233164,472700
DFAC,2021-11-08,27.61980438232422,27.73417290398381,27.58168275365501,27.686518595864822,390800
DFAC,2021-11-09,27.61980438232422,27.64363062747072,27.49590681686681,27.638866105571815,1011700
DFAC,2021-11-10,27.352949142456055,27.619806012367608,27.285280566281276,27.524499208330873,604500
DFAC,2021-11-11,27.438722610473633,27.504482463325825,27.39583464341512,27.457782515301698,410300
DFAC,2021-11-12,27.629337310791016,27.648399035464546,27.481611671310343,27.49590887372855,279900
DFAC,2021-11-15,27.61980438232422,27.724642042360014,27.56548047067715,27.724642042360014,667800
DFAC,2021-11-16,27.69605255126953,27.800890223016193,27.572154971972175,27.572154971972175,564700
DFAC,2021-11-17,27.553091049194336,27.753235514037392,27.51496941930702,27.705581204395692,575400
DFAC,2021-11-18,27.600740432739258,27.619802154449292,27.391066947406383,27.591211389710075,425300
DFAC,2021-11-19,27.47684669494629,27.619805991982837,27.449208467104732,27.562622636733437,650300
DFAC,2021-11-22,27.47684669494629,27.772296151198635,27.467315832767042,27.55309177455419,602500
DFAC,2021-11-23,27.514970779418945,27.571201595097506,27.295764579883475,27.47684732982108,1486100
DFAC,2021-11-24,27.553091049194336,27.553091049194336,27.333886678320642,27.448253385808638,568400
DFAC,2021-11-26,26.857351303100586,27.05940082566702,26.70486116598727,27.0098414402139,513100
DFAC,2021-11-29,27.038434982299805,27.1871113261104,26.85925733789746,27.143270819145076,712100
DFAC,2021-11-30,26.47612762451172,26.92406720320973,26.418942456130406,26.866883852654354,823400
DFAC,2021-12-01,26.1616153717041,27.028903726334942,26.15208451070723,26.857351864042975,668000
DFAC,2021-12-02,26.638147354125977,26.752514049747774,26.171144257221773,26.171144257221773,602700
DFAC,2021-12-03,26.409414291381836,26.8573557336448,26.19974077271853,26.742987203030008,734900
DFAC,2021-12-06,26.819232940673828,26.9621940618984,26.504721746066874,26.59049769167115,603000
DFAC,2021-12-07,27.305294036865234,27.410131700037187,27.095620528347364,27.143273020065866,813500
DFAC,2021-12-08,27.38153648376465,27.41012906674448,27.248108065510483,27.314822274637564,944800
DFAC,2021-12-09,27.13374137878418,27.333885837470355,27.13374137878418,27.27670248548544,659300
DFAC,2021-12-10,27.352949142456055,27.372009049002532,27.122307003895852,27.29576396933836,843800
DFAC,2021-12-13,27.067026138305664,27.33388480048792,27.038435372310865,27.33388480048792,608400
DFAC,2021-12-14,26.895475387573242,27.086088985305985,26.794451525966124,26.85735375872229,739300
DFAC,2021-12-15,27.286231994628906,27.29576285642659,26.72106625085158,26.89547575005381,763900
DFAC,2021-12-16,27.04127311706543,27.433591509210917,26.94462895486035,27.433591509210917,1012700
DFAC,2021-12-17,26.792484283447266,27.07954588501837,26.65852244605984,26.869034165539105,971600
DFAC,2021-12-20,26.467147827148438,26.47671679090769,26.189655178502942,26.45757886338918,1559900
DFAC,2021-12-21,27.012563705444336,27.022132668395805,26.65852120170536,26.696795228418164,1470300
DFAC,2021-12-22,27.242216110229492,27.251785074153666,26.945585528953124,27.002997487404915,1490600
DFAC,2021-12-23,27.433589935302734,27.510139816571204,27.305368017258804,27.35704005403426,953500
DFAC,2021-12-27,27.78763771057129,27.806773814433207,27.474738229941945,27.481436322566957,760200
DFAC,2021-12-28,27.78763771057129,27.9215995630715,27.7397928881831,27.78763771057129,676700
DFAC,2021-12-29,27.835479736328125,27.902460660240404,27.75988619715857,27.7780677765595,648000
DFAC,2021-12-30,27.778066635131836,27.975182178130204,27.74935974388047,27.845047556291803,977000
DFAC,2021-12-31,27.72064781188965,27.845042492932347,27.711078849879218,27.711078849879218,731700
DFAC,2022-01-03,27.845046997070312,27.91202791688508,27.686205487170614,27.78763504081382,1225000
DFAC,2022-01-04,27.95030403137207,28.06512977754528,27.87853953697047,27.96944195991649,1031500
DFAC,2022-01-05,27.452730178833008,28.059387537185366,27.452730178833008,27.96944146473102,1189400
DFAC,2022-01-06,27.471864700317383,27.653671357616854,27.328333897225455,27.45272859830679,1024700
DFAC,2022-01-07,27.36661148071289,27.565641554945078,27.270923664240755,27.49100436456136,1187400
DFAC,2022-01-10,27.2613525390625,27.29005942925652,26.80683681566953,27.19437162036961,1258700
DFAC,2022-01-11,27.548416137695312,27.548416137695312,27.072847961820713,27.299628563073533,943500
DFAC,2022-01-12,27.557981491088867,27.73021917198579,27.424019661543724,27.653669294375277,949000
DFAC,2022-01-13,27.328336715698242,27.720655136320918,27.26135578902023,27.644105245104136,705700
DFAC,2022-01-14,27.29962921142578,27.328334277387572,27.00204046362989,27.079546696857214,757400
DFAC,2022-01-18,26.75421142578125,27.050843849060414,26.711153823307846,27.050843849060414,1025500
DFAC,2022-01-19,26.467147827148438,26.942714192914735,26.438440935870673,26.897742070848782,1032700
DFAC,2022-01-20,26.093969345092773,26.858511904039457,26.046124522667725,26.581975583268107,1780200
DFAC,2022-01-21,25.634668350219727,26.21836054548505,25.61553042248165,26.055691809897905,2937900
DFAC,2022-01-24,25.854745864868164,25.91215781592986,24.773476806830292,25.271051916279703,2382000
DFAC,2022-01-25,25.558115005493164,25.84517842793434,25.108384682956387,25.538978904071588,1547100
DFAC,2022-01-26,25.385879516601562,26.065259492056782,25.18876215576011,25.873885699366216,1264200
DFAC,2022-01-27,25.24234962463379,25.86431953724784,25.100733331221534,25.663374934301963,1633800
DFAC,2022-01-28,25.76862907409668,25.76862907409668,25.015568258685786,25.31889691726697,1593000
DFAC,2022-01-31,26.227930068969727,26.227930068969727,25.6538050002303,25.701649820596334,1029200
DFAC,2022-02-01,26.457576751708984,26.467145714704504,26.043249596959082,26.285339067975794,1235800
DFAC,2022-02-02,26.61067771911621,26.648953572838227,26.37145910863309,26.572403690487352,952300
DFAC,2022-02-03,26.10353660583496,26.440355738294112,26.05569178653268,26.294910407764363,675100
DFAC,2022-02-04,26.180086135864258,26.380072550078427,25.883453735500773,26.103536251114082,680700
DFAC,2022-02-07,26.160947799682617,26.352323421114736,26.074828952547485,26.247066646817753,984500
DFAC,2022-02-08,26.476715087890625,26.514989115372586,26.113103613893028,26.15137764137499,1042000
DFAC,2022-02-09,26.869033813476562,26.878602776749304,26.696796124753455,26.725503014571682,954500
DFAC,2022-02-10,26.40973663330078,26.91209538208097,26.304479853998796,26.53412951558136,908100
DFAC,2022-02-11,26.007850646972656,26.551354327314446,25.893024897552067,26.457581029925436,841800
DFAC,2022-02-14,25.893020629882812,26.074827276044594,25.69207788288274,26.007846360377904,1105100
DFAC,2022-02-15,26.38102912902832,26.38102912902832,26.122672581333052,26.13224154514694,845900
DFAC,2022-02-16,26.438438415527344,26.49585219260969,26.18008371902899,26.21835774532417,970900
DFAC,2022-02-17,25.864320755004883,26.25663918983974,25.84518282523405,26.25663918983974,1106200
DFAC,2022-02-18,25.739925384521484,26.006894570309203,25.623186936026233,25.883456203979797,792700
DFAC,2022-02-22,25.41458511352539,25.787767393503483,25.225124014493996,25.653803728214317,966400
DFAC,2022-02-23,24.974424362182617,25.634668266237195,24.96485539834493,25.634668266237195,1187300
DFAC,2022-02-24,25.328468322753906,25.35717521588096,24.342888718271855,24.362024821929886,3119000
DFAC,2022-02-25,25.940866470336914,25.950435433680923,25.32750924316588,25.424153400319287,977500
DFAC,2022-02-28,25.9025936126709,25.969574538732356,25.570558029114796,25.61553197952369,1062700
DFAC,2022-03-01,25.41458511352539,25.89302234290324,25.266270740477896,25.79733453200903,1037500
DFAC,2022-03-02,25.988712310791016,26.07483116523412,25.538981934882965,25.56768700296844,1405600
DFAC,2022-03-03,25.854745864868164,26.146592839162395,25.730351174959303,26.132238482577208,1338100
DFAC,2022-03-04,25.558115005493164,25.653802812973556,25.30263116940369,25.653802812973556,2009400
DFAC,2022-03-07,24.7639102935791,25.548548886132988,24.749557760667297,25.548548886132988,1996600
DFAC,2022-03-08,24.653871536254883,25.251918113983503,24.562969113473724,24.821325673074885,2145600
DFAC,2022-03-09,25.280622482299805,25.405015355004796,25.079677903200196,25.117953756397505,1203900
DFAC,2022-03-10,25.22321128845215,25.25191635412288,24.897873826833784,24.993561637620335,1419300
DFAC,2022-03-11,24.917011260986328,25.40501561866473,24.907442297587693,25.376310553561975,1040900
DFAC,2022-03-14,24.7639102935791,25.15240145687251,24.66535343577515,24.993561770727144,1139000
DFAC,2022-03-15,25.22321128845215,25.256701748463463,24.84524543964652,24.888304863245807,1344500
DFAC,2022-03-16,25.83561134338379,25.83561134338379,25.213643287172832,25.462430874675867,1229300
DFAC,2022-03-17,26.132244110107422,26.132244110107422,25.66337578776545,25.75906361020315,794100
DFAC,2022-03-18,26.390596389770508,26.40973431616325,25.979140097792126,26.055689978269978,977600
DFAC,2022-03-21,26.342756271362305,26.513079454606704,26.138940800731966,26.41930616018735,621400
DFAC,2022-03-22,26.58443260192871,26.64197598229632,26.44537400573932,26.450168372830156,654700
DFAC,2022-03-23,26.200817108154297,26.507707795284976,26.196022741448473,26.507707795284976,973100
DFAC,2022-03-24,26.52688980102539,26.52688980102539,26.21999910370827,26.325493466865844,908000
DFAC,2022-03-25,26.6419734954834,26.670743353768838,26.421394216422726,26.55566026220156,713000
DFAC,2022-03-28,26.73787498474121,26.73787498474121,26.41180501164625,26.60361077057195,1136900
DFAC,2022-03-29,27.102310180664062,27.155057361089835,26.876936529467688,26.891323288173776,949900
DFAC,2022-03-30,26.862552642822266,27.097515036660578,26.735960136571006,27.063948980397964,851300
DFAC,2022-03-31,26.450162887573242,26.862547881955695,26.450162887573242,26.824185636332885,1588600
DFAC,2022-04-01,26.517295837402344,26.6170354841607,26.287127843932133,26.574837378466746,1020100
DFAC,2022-04-04,26.63238525390625,26.646770184302568,26.450168208963575,26.526890886432135,903500
DFAC,2022-04-05,26.267946243286133,26.67074068184443,26.200814141728515,26.57483689567101,1179600
DFAC,2022-04-06,25.99941635131836,26.132722039425754,25.817199350922916,26.06654844903971,927900
DFAC,2022-04-07,26.07614517211914,26.186433905754196,25.75199035335961,25.95146967899227,909000
DFAC,2022-04-08,26.037778854370117,26.239176992899342,25.95146562774511,26.085731663168797,628200
DFAC,2022-04-11,25.750072479248047,26.02819148756901,25.716506423575048,25.932289516624927,778200
DFAC,2022-04-12,25.69253158569336,26.124095953580035,25.597586290646298,25.92269961440883,803400
DFAC,2022-04-13,26.02819061279297,26.05696230063692,25.702118800746,25.7212999259753,1351300
DFAC,2022-04-14,25.778841018676758,26.12409394987569,25.769252285443677,26.037780717075957,1038600
DFAC,2022-04-18,25.740482330322266,25.874746555173772,25.625397402440353,25.721301204139802,1030200
DFAC,2022-04-19,26.200817108154297,26.258358654688102,25.75966220270714,25.778841498743223,1132300
DFAC,2022-04-20,26.296720504760742,26.45016584598954,26.258358254847167,26.335080925461565,974700
DFAC,2022-04-21,25.855562210083008,26.584428451360033,25.82679235360391,26.507705785394695,880300
DFAC,2022-04-22,25.1458797454834,25.8076139525051,25.1458797454834,25.8076139525051,1551400
DFAC,2022-04-25,25.299325942993164,25.31850706945524,24.685544529909826,25.021206926144615,1538900
DFAC,2022-04-26,24.62800407409668,25.155472270751925,24.608822946782276,25.155472270751925,1649600
DFAC,2022-04-27,24.656770706176758,24.963663215369824,24.512915928587574,24.675951830978715,1697200
DFAC,2022-04-28,25.241785049438477,25.337688855030734,24.63759418386927,24.91571320795257,1123300
DFAC,2022-04-29,24.388240814208984,25.18423915365841,24.359469128730343,25.02120326103804,1112400
DFAC,2022-05-02,24.56086540222168,24.637588061788435,24.014216224156982,24.388238960893357,2867000
DFAC,2022-05-03,24.743083953857422,24.867759435934406,24.512915943729997,24.589638613772472,2588100
DFAC,2022-05-04,25.443180084228516,25.500721628797642,24.58196661377249,24.81980633941421,1691400
DFAC,2022-05-05,24.580047607421875,25.22260064337714,24.341249375890126,25.22260064337714,1461900
DFAC,2022-05-06,24.417009353637695,24.59922636008332,24.08614321993415,24.474552721491598,2641700
DFAC,2022-05-09,23.678560256958008,24.119715210551735,23.563475322117522,24.023811403053497,1905600
DFAC,2022-05-10,23.678560256958008,24.071764221409108,23.362078972662903,24.033401966724618,3108200
DFAC,2022-05-11,23.304529190063477,24.023804804932258,23.251783848178253,23.640191509511403,3064000
DFAC,2022-05-12,23.333303451538086,23.51552047295291,22.911327865340002,23.11272601094853,3211900
DFAC,2022-05-13,23.870361328125,23.995036802012052,23.611423476999242,23.611423476999242,2658900
DFAC,2022-05-16,23.832000732421875,24.019012112644557,23.62101203332953,23.832000732421875,1872200
DFAC,2022-05-17,24.349878311157227,24.369059434608197,23.99503667337738,24.158072564285384,2747900
DFAC,2022-05-18,23.37166404724121,24.11011898435352,23.285350823685704,24.081349129310052,2818000
DFAC,2022-05-19,23.26617431640625,23.534704601762645,23.103138398370746,23.218221499799974,3031400
DFAC,2022-05-20,23.26617431640625,23.523195194091972,22.719525011585123,23.438800797763008,2124600
DFAC,2022-05-23,23.65937614440918,23.726508252423702,23.304532650201736,23.47715911607494,1902600
DFAC,2022-05-24,23.438800811767578,23.515523489170544,23.045596861425764,23.438800811767578,1628000
DFAC,2022-05-25,23.726505279541016,23.851180746700194,23.342891975229172,23.342891975229172,1981700
DFAC,2022-05-26,24.253976821899414,24.34987878258575,23.832001243871474,23.8511823676938,1748700
DFAC,2022-05-27,24.810216903686523,24.810216903686523,24.407422444684624,24.407422444684624,1769600
DFAC,2022-05-31,24.618412017822266,24.810219620911024,24.464966667036403,24.68554413013947,1615500
DFAC,2022-06-01,24.445785522460938,24.781447913006854,24.231921270750775,24.752676223801366,1380500
DFAC,2022-06-02,24.87735366821289,24.88694423203458,24.340293069476413,24.41701575083691,2013100
DFAC,2022-06-03,24.570459365844727,24.720067017887,24.503325428866155,24.637591473610556,1189600
DFAC,2022-06-06,24.685544967651367,24.882146944341713,24.59923172625434,24.829399760242097,2019000
DFAC,2022-06-07,24.92530059814453,24.94927608918699,24.4266023359254,24.474555147223032,1437400
DFAC,2022-06-08,24.599225997924805,24.877346784153143,24.55127502129837,24.84857510064978,1021700
DFAC,2022-06-09,24.071758270263672,24.570456482593364,24.06696207500736,24.512913114792802,904600
DFAC,2022-06-10,23.390846252441406,23.736099189638786,23.37166695642927,23.736099189638786,2078200
DFAC,2022-06-13,22.470172882080078,22.882557904307866,22.3733105833184,22.82501453198817,3911500
DFAC,2022-06-14,22.422218322753906,22.68115799035576,22.230412584288207,22.594844767821808,5669000
DFAC,2022-06-15,22.6619815826416,22.9353080636739,22.283164392942414,22.614030595351956,3485100
DFAC,2022-06-16,21.818029403686523,22.186299305654337,21.650199139958623,22.172872884556106,5508500
DFAC,2022-06-17,21.85639190673828,22.065459943642985,21.626222072068753,21.865980639737867,3831600
DFAC,2022-06-21,22.30713653564453,22.41263088689005,22.182461060679344,22.19205162253918,4262800
DFAC,2022-06-22,22.239744186401367,22.43710980485009,21.999054318228882,22.05681937242125,3155100
DFAC,2022-06-23,22.384157180786133,22.413040625319663,22.07607445103349,22.316764313192483,3554900
DFAC,2022-06-24,23.05809211730957,23.077345912841643,22.567084523038286,22.576712338963382,2047100
DFAC,2022-06-27,23.106229782104492,23.250643350979015,22.981071845431416,23.154367026289947,2419400
DFAC,2022-06-28,22.701868057250977,23.385428230660462,22.701868057250977,23.23138502721434,2542800
DFAC,2022-06-29,22.6055908203125,22.759632181148323,22.49487370698162,22.759632181148323,2186200
DFAC,2022-06-30,22.432296752929688,22.644105028913213,22.162725254504267,22.364903878323332,2174200
DFAC,2022-07-01,22.653732299804688,22.69224172594561,22.201234147501918,22.413042418390216,2055300
DFAC,2022-07-05,22.663360595703125,22.663360595703125,22.1049582961225,22.345648182637692,1744200
DFAC,2022-07-06,22.663360595703125,22.79814634452984,22.413042893369155,22.653732779884347,2540900
DFAC,2022-07-07,23.02920913696289,23.091789023587168,22.77889142678395,22.77889142678395,1806800
DFAC,2022-07-08,23.009952545166016,23.12548449747616,22.850134109602845,22.98107093432704,1238300
DFAC,2022-07-11,22.76926612854004,22.904053732814223,22.711501061747313,22.865542464073496,1366700
DFAC,2022-07-12,22.624845504760742,22.884790978935964,22.514128396053028,22.682610553582638,1629900
DFAC,2022-07-13,22.528573989868164,22.653733764634858,22.27825627665296,22.326395357839452,3234200
DFAC,2022-07-14,22.393789291381836,22.432298721829135,22.01927585278253,22.210864446881917,2310100
DFAC,2022-07-15,22.836654663085938,22.836654663085938,22.518944101759022,22.67298547474674,2311600
DFAC,2022-07-18,22.711496353149414,23.08697196393525,22.634475667954423,22.990695648362017,1717500
DFAC,2022-07-19,23.375802993774414,23.395056789550463,22.936783396353828,22.961816085339912,1715000
DFAC,2022-07-20,23.549095153808594,23.5924194023057,23.279523684331387,23.33728873688823,1407300
DFAC,2022-07-21,23.712766647338867,23.712766647338867,23.308407567339902,23.5009602097463,2147700
DFAC,2022-07-22,23.472076416015625,23.779196939598158,23.333439911131197,23.712766297311724,1340300
DFAC,2022-07-25,23.57798194885254,23.60686539739447,23.42394056259859,23.54909850031061,1349600
DFAC,2022-07-26,23.346920013427734,23.500961400631493,23.284340126026773,23.462451971989648,1436500
DFAC,2022-07-27,23.88606071472168,23.97848626549789,23.496144324560007,23.500957313683912,1052600
DFAC,2022-07-28,24.165260314941406,24.18451594286697,23.688693623531297,23.91494266086231,1509800
DFAC,2022-07-29,24.463716506958008,24.511853743020918,24.165261603468693,24.232654468483908,990400
DFAC,2022-08-01,24.405954360961914,24.502230680863388,24.203773905537005,24.280794594194575,916100
DFAC,2022-08-02,24.21339988708496,24.482973195126316,24.14119402986673,24.33855964437192,1682700
DFAC,2022-08-03,24.511856079101562,24.579250786857617,24.262502454780844,24.31930528018119,978300
DFAC,2022-08-04,24.434831619262695,24.51185229420161,24.391507374839698,24.51185229420161,1331000
DFAC,2022-08-05,24.48297691345215,24.50223254616194,24.174894135368245,24.223031380824526,1463400
DFAC,2022-08-08,24.5214900970459,24.742926234476286,24.456985737541828,24.588884821849007,929500
DFAC,2022-08-09,24.367441177368164,24.492600934268026,24.30967612450865,24.492600934268026,1116200
DFAC,2022-08-10,24.906587600708008,24.9345069781737,24.72366279235197,24.752544400401195,1266600
DFAC,2022-08-11,25.002864837646484,25.267625182794475,24.958578353779554,25.089513344000718,1404900
DFAC,2022-08-12,25.407222747802734,25.407222747802734,25.070258390127385,25.079884369216945,783200
DFAC,2022-08-15,25.4746150970459,25.493870727466284,25.21563366226831,25.243553040955273,1940000
DFAC,2022-08-16,25.551639556884766,25.657541859593852,25.378342542592275,25.41685197003609,1584200
DFAC,2022-08-17,25.3302059173584,25.489062141292212,25.195420153767262,25.32057810048499,1110600
DFAC,2022-08-18,25.464990615844727,25.510239330044087,25.301321420281457,25.38796992595131,854500
DFAC,2022-08-19,25.118392944335938,25.310945559257323,25.055813069038813,25.272434301745914,857400
DFAC,2022-08-22,24.617761611938477,24.83919586963129,24.55999655260951,24.83919586963129,1202900
DFAC,2022-08-23,24.579252243041992,24.797797972841238,24.56866036005877,24.63701730250856,946900
DFAC,2022-08-24,24.675521850585938,24.74772953787904,24.53977389586707,24.58887519667909,886900
DFAC,2022-08-25,25.05100440979004,25.05100440979004,24.742921641721484,24.742921641721484,697500
DFAC,2022-08-26,24.242284774780273,25.07025854165676,24.242284774780273,25.051002910725202,1199700
DFAC,2022-08-29,24.078617095947266,24.28079572446552,24.011224219774515,24.059361463807008,1240700
DFAC,2022-08-30,23.79941177368164,24.146005746275524,23.680030915205077,24.146005746275524,1287200
DFAC,2022-08-31,23.616491317749023,23.924574065525416,23.60686350234126,23.876434988486587,1659900
DFAC,2022-09-01,23.60686492919922,23.616492745188914,23.260270898842755,23.46245136199007,1809900
DFAC,2022-09-02,23.414310455322266,23.92457364505795,23.29878034509554,23.83792514422891,1197000
DFAC,2022-09-06,23.279523849487305,23.49133026791032,23.14473811379247,23.472074638148797,1119500
DFAC,2022-09-07,23.68388557434082,23.727209828050395,23.23138740530346,23.25064303724508,1954800
DFAC,2022-09-08,23.8571834564209,23.8571834564209,23.45282435253857,23.568354475751693,1268900
DFAC,2022-09-09,24.25191307067871,24.29042249698666,24.0112231882203,24.0112231882203,912900
DFAC,2022-09-12,24.50223159790039,24.559996657476006,24.357816194484155,24.38669964243103,1284700
DFAC,2022-09-13,23.500959396362305,24.030476390175828,23.423938709329104,23.963083518561525,1397000
DFAC,2022-09-14,23.549095153808594,23.626117672308265,23.327660922075772,23.587606413058428,1657100
DFAC,2022-09-15,23.337289810180664,23.645372553076566,23.25064130920144,23.47207555111812,1376900
DFAC,2022-09-16,23.086971282958984,23.135110357484677,22.89442049381,23.067715653148706,1268600
DFAC,2022-09-19,23.308408737182617,23.32285137969473,22.87516802450112,22.913677453124325,1332100
DFAC,2022-09-20,23.006927490234375,23.113217961591165,22.842661235872477,23.113217961591165,2520600
DFAC,2022-09-21,22.639747619628906,23.32579968421542,22.639747619628906,23.142209376885493,1315500
DFAC,2022-09-22,22.378856658935547,22.688063366558843,22.349867838964357,22.63975050962421,3244600
DFAC,2022-09-23,21.973018646240234,22.13728491202153,21.678305477366404,22.13728491202153,2966200
DFAC,2022-09-26,21.69280242919922,22.10829775088914,21.6348247948095,21.857068707269068,3772400
DFAC,2022-09-27,21.69280242919922,22.069647837646507,21.527568567110848,21.924707437706562,3290700
DFAC,2022-09-28,22.17593765258789,22.282226293048314,21.6928017720785,21.750777561694832,2631600
DFAC,2022-09-29,21.750778198242188,21.953694389346357,21.567186042230908,21.934370354253463,3426700
DFAC,2022-09-30,21.489883422851562,21.973019296143235,21.465726997790398,21.721788420869512,3095600
DFAC,2022-10-03,22.108299255371094,22.224252689024052,21.626130911433197,21.741116761001788,3282000
DFAC,2022-10-04,22.85232925415039,22.857161645568368,22.43683205703573,22.43683205703573,2256300
DFAC,2022-10-05,22.82333755493164,22.93928912272702,22.470646775093606,22.601093671126108,2261400
DFAC,2022-10-06,22.630084991455078,22.919965786072318,22.591433235896968,22.688060781775096,2915100
DFAC,2022-10-07,22.059986114501953,22.398181628347544,21.939202134058334,22.398181628347544,1933400
DFAC,2022-10-10,21.934368133544922,22.166273118335358,21.77493241980444,22.127621366028457,2538500
DFAC,2022-10-11,21.828083038330078,22.127626820478,21.663816736568165,21.828083038330078,2424500
DFAC,2022-10-12,21.73145294189453,21.9053821638271,21.73145294189453,21.85706931018682,2626400
DFAC,2022-10-13,22.311214447021484,22.407841988858245,21.24831517285124,21.33527977620262,3037600
DFAC,2022-10-14,21.808752059936523,22.55761226177995,21.770102150153278,22.436828298804656,2213400
DFAC,2022-10-17,22.3402042388916,22.407842968228472,22.195261998292995,22.195261998292995,2071200
DFAC,2022-10-18,22.601093292236328,22.852324142270543,22.388514192830566,22.775022484030547,2086700
DFAC,2022-10-19,22.378856658935547,22.601098749662622,22.214590365133503,22.446495395850974,1823500
DFAC,2022-10-20,22.17593765258789,22.639747655552796,22.108297081182194,22.369190898981373,1925700
DFAC,2022-10-21,22.688060760498047,22.73154306395157,22.09863623292681,22.1179602676706,2522700
DFAC,2022-10-24,22.948957443237305,23.021428572370265,22.659076612740204,22.813679968074307,1807600
DFAC,2022-10-25,23.33546257019043,23.374114325130645,22.958617174608925,22.958617174608925,1605600
DFAC,2022-10-26,23.287147521972656,23.6060170980699,23.219508800227324,23.219508800227324,1705800
DFAC,2022-10-27,23.190521240234375,23.5045602859027,23.166364815879206,23.383776321109814,1539600
DFAC,2022-10-28,23.721973419189453,23.750962238467615,23.19052463354432,23.23883748932395,1672200
DFAC,2022-10-31,23.606021881103516,23.746131743403193,23.528720205872197,23.55770718219812,2284000
DFAC,2022-11-01,23.606021881103516,23.847589846578554,23.49006844674788,23.847589846578554,1731700
DFAC,2022-11-02,23.006927490234375,23.81859582437352,23.006927490234375,23.567364973995506,1822000
DFAC,2022-11-03,22.833005905151367,23.01176754708271,22.62042673463271,22.765367161941683,3592100
DFAC,2022-11-04,23.18086051940918,23.31613798315263,22.800150295866658,23.18086051940918,3018500
DFAC,2022-11-07,23.412763595581055,23.461078287932576,23.132545752010493,23.248497327620015,1680900
DFAC,2022-11-08,23.528718948364258,23.750961022399263,23.27748805653534,23.499730130570345,1454700
DFAC,2022-11-09,23.026254653930664,23.47074059655128,22.997265839297686,23.41276296728532,1918000
DFAC,2022-11-10,24.263084411621094,24.272747350354575,23.760622655582733,23.857250199900434,2439500
DFAC,2022-11-11,24.475664138793945,24.53363992960863,24.253422071490018,24.282409045388782,1440600
DFAC,2022-11-14,24.253419876098633,24.59161533743603,24.253419876098633,24.379034385329497,1906200
DFAC,2022-11-15,24.50465202331543,24.689209911718297,24.282408121450654,24.610940661928574,3235500
DFAC,2022-11-16,24.23409652709961,24.398362805849782,24.20510770978469,24.35971104942989,2577200
DFAC,2022-11-17,24.166458129882812,24.18578400835946,23.886238421023076,23.93455311721469,1981800
DFAC,2022-11-18,24.301733016967773,24.408023494304306,24.118140876936586,24.38869761787639,2108600
DFAC,2022-11-21,24.23409652709961,24.292072318712265,24.089156126559384,24.18578367459193,2695800
DFAC,2022-11-22,24.59162139892578,24.60128249638741,24.311401654084932,24.350053416001234,1824700
DFAC,2022-11-23,24.697904586791992,24.731723949467973,24.514314287412972,24.52397538273436,1750000
DFAC,2022-11-25,24.68824577331543,24.746223413032787,24.639932916568313,24.66892173642699,398200
DFAC,2022-11-28,24.292068481445312,24.552962267016262,24.224429761412154,24.51431235971884,1414700
DFAC,2022-11-29,24.301733016967773,24.408023494304306,24.195444382648258,24.282407140539856,1628000
DFAC,2022-11-30,24.939472198486328,24.949135136701656,24.137466756784274,24.3307218350568,2609800
DFAC,2022-12-01,24.929813385009766,25.111474073290605,24.794535913647,25.01677800031935,1633100
DFAC,2022-12-02,24.939472198486328,25.007110922976608,24.591615637819604,24.591615637819604,1679700
DFAC,2022-12-05,24.43701171875,24.775205332985518,24.34038418196115,24.755881300041327,2778200
DFAC,2022-12-06,24.11814308166504,24.46600151709852,23.95484438706734,24.46600151709852,2509300
DFAC,2022-12-07,24.040842056274414,24.224434218009286,24.002192141866523,24.040842056274414,2468300
DFAC,2022-12-08,24.19544792175293,24.32106245087419,24.08915742886913,24.205109018363018,1915400
DFAC,2022-12-09,24.0021915435791,24.243759492413016,23.978035117299147,24.137469005160593,1711900
DFAC,2022-12-12,24.34038543701172,24.34038543701172,23.978033537632495,24.050502811698102,1442400
DFAC,2022-12-13,24.4949893951416,24.987788212103833,24.340386061547623,24.987788212103833,1744900
DFAC,2022-12-14,24.359712600708008,24.678584082426973,24.176122275073656,24.485328974054987,1873200
DFAC,2022-12-15,23.77994728088379,24.060165117331046,23.673656803429477,24.031178145674062,2346300
DFAC,2022-12-16,23.509389877319336,23.66399319852436,23.36444949406675,23.53837869117664,2906100
DFAC,2022-12-19,23.3257999420166,23.57703082342155,23.209848361686404,23.567367884557843,2218800
DFAC,2022-12-20,23.387962341308594,23.48994429095388,23.228675983881697,23.2811230497565,2370100
DFAC,2022-12-21,23.75704002380371,23.825029840925435,23.553076130037827,23.553076130037827,2546700
DFAC,2022-12-22,23.44623565673828,23.59192626210488,23.096583020444253,23.59192626210488,2870600
DFAC,2022-12-23,23.621065139770508,23.621065139770508,23.324830264498686,23.39767557408569,2585600
DFAC,2022-12-27,23.58221435546875,23.674483470287193,23.46566223711586,23.630776657471493,3917700
DFAC,2022-12-28,23.24227523803711,23.66963058225073,23.232562406062563,23.582216947013098,2567600
DFAC,2022-12-29,23.64048957824707,23.708477542322594,23.36853586941189,23.38796153130006,2570000
DFAC,2022-12-30,23.58221435546875,23.591927186375912,23.368535780577297,23.46566223711586,3070300
DFAC,2023-01-03,23.485088348388672,23.82503002651292,23.310261093780024,23.708477905929453,1711500
DFAC,2023-01-04,23.68905258178711,23.82017302461469,23.48994417287111,23.582215143305223,1815200
DFAC,2023-01-05,23.494802474975586,23.60649725990478,23.3976760112227,23.553077612214032,1757900
DFAC,2023-01-06,24.048418045043945,24.11155051684196,23.572500467140205,23.708476388674704,1417300
DFAC,2023-01-09,24.038707733154297,24.364079251639648,24.014426580698153,24.164970837446162,1653800
DFAC,2023-01-10,24.232959747314453,24.242670725905473,23.931867540065625,24.009568336525586,1918800
DFAC,2023-01-11,24.504911422729492,24.504911422729492,24.276666376910015,24.33979699993822,1500400
DFAC,2023-01-12,24.631175994873047,24.71858962044894,24.359222287244364,24.57289900946707,1391700
DFAC,2023-01-13,24.75743865966797,24.786577151862687,24.443721451917032,24.466061147852955,1587000
DFAC,2023-01-17,24.689455032348633,24.83514381383791,24.650603702600364,24.74773017443767,1407100
DFAC,2023-01-18,24.32037353515625,24.844853451583745,24.296090530919344,24.75743982342364,1252100
DFAC,2023-01-19,24.096981048583984,24.22810148497842,23.990143615343847,24.145545202359543,2118700
DFAC,2023-01-20,24.5340518951416,24.5340518951416,24.0775599141425,24.194110191084153,1452400
DFAC,2023-01-23,24.806001663208008,24.922551921517,24.55347363349458,24.55347363349458,1385400
DFAC,2023-01-24,24.776866912841797,25.000256485435845,24.621465309947393,24.718591774889703,1213700
DFAC,2023-01-25,24.815715789794922,24.825428621308614,24.41749896039948,24.543763917544293,1219700
DFAC,2023-01-26,25.058530807495117,25.058530807495117,24.762297785239454,24.98083000857781,1554700
DFAC,2023-01-27,25.087671279907227,25.209078903571612,24.93226966981948,25.000257642666202,1293700
DFAC,2023-01-30,24.786577224731445,25.068241906642935,24.77686439397132,24.922553150307127,1122500
DFAC,2023-01-31,25.23335838317871,25.23335838317871,24.826401300565905,24.854567215295077,1421900
DFAC,2023-02-01,25.505311965942383,25.67625446574844,25.000255843242567,25.1556574421451,1409300
DFAC,2023-02-02,25.816116333007812,25.9229556317922,25.573301092158406,25.69956420228546,1611800
DFAC,2023-02-03,25.631572723388672,25.884100761615777,25.567469523397676,25.573297592269498,1358300
DFAC,2023-02-06,25.417898178100586,25.544161281729583,25.330484547690826,25.485886145634137,1075000
DFAC,2023-02-07,25.718990325927734,25.784066115822128,25.267353821671477,25.39847427637813,1555800
DFAC,2023-02-08,25.427610397338867,25.670425619845872,25.388759072521843,25.631574295028848,1327600
DFAC,2023-02-09,25.165369033813477,25.670425131630545,25.116806731248914,25.64128663857195,1312600
DFAC,2023-02-10,25.27220916748047,25.291634830169034,25.06824341431683,25.126520402382532,1201900
DFAC,2023-02-13,25.573299407958984,25.573299407958984,25.26832428583147,25.32077135180253,1163600
DFAC,2023-02-14,25.553874969482422,25.689852761639337,25.291635921998644,25.495599831434163,1354500
DFAC,2023-02-15,25.66071128845215,25.66071128845215,25.359620948855234,25.408183249504308,1736200
DFAC,2023-02-16,25.379045486450195,25.63157353265033,25.32077035349111,25.398471148280915,1357200
DFAC,2023-02-17,25.311058044433594,25.33048370666483,25.136230789418715,25.281921403619858,1186500
DFAC,2023-02-21,24.747726440429688,25.11194926546458,24.738013609458122,25.048818642949023,1862700
DFAC,2023-02-22,24.747726440429688,24.903128030908597,24.650599983247098,24.767152102372822,1781800
DFAC,2023-02-23,24.844852447509766,24.97111554278652,24.582611573627595,24.883703770692186,1619500
DFAC,2023-02-24,24.670024871826172,24.69916336382743,24.456348154749353,24.572898417688336,1298700
DFAC,2023-02-27,24.71859359741211,24.961408851404236,24.674886777592192,24.88370804422809,1171400
DFAC,2023-02-28,24.679738998413086,24.84485342335757,24.65060050488178,24.747726964119675,1224200
DFAC,2023-03-01,24.660310745239258,24.76715002442969,24.55832880739363,24.660310745239258,3250100
DFAC,2023-03-02,24.796293258666992,24.864281230237495,24.475777212310856,24.504913855822053,1250200
DFAC,2023-03-03,25.165369033813477,25.191593492312904,24.835140189281788,24.89341532286588,1188000
DFAC,2023-03-06,25.068241119384766,25.281919684330973,25.019678819642255,25.213929871145275,1274700
DFAC,2023-03-07,24.70887565612793,25.08281129226468,24.67973716476155,25.068241120314998,1565100
DFAC,2023-03-08,24.747726440429688,24.815714404697577,24.57678580242274,24.747726440429688,1678000
DFAC,2023-03-09,24.213537216186523,24.864282165388275,24.18439871904614,24.786581358880603,1552900
DFAC,2023-03-10,23.78618049621582,24.24267247682138,23.64729052092235,24.184397338400792,1755100
DFAC,2023-03-13,23.53365135192871,23.873593040173184,23.300548956355314,23.485089047550858,2175300
DFAC,2023-03-14,23.91244125366211,24.10183680963364,23.640487567952803,23.95129072160177,1492400
DFAC,2023-03-15,23.591928482055664,23.600668733578978,23.237416618339992,23.51422583053089,2563000
DFAC,2023-03-16,23.98043441772461,24.00957106187122,23.349115143259223,23.446239760459033,2314900
DFAC,2023-03-17,23.611351013183594,23.92215419231124,23.509369067382288,23.92215419231124,1830100
DFAC,2023-03-20,23.87359046936035,23.961004089853937,23.692935159664813,23.708476058709458,1280600
DFAC,2023-03-21,24.252323150634766,24.291267957364308,24.096547637697785,24.135492444427328,1852500
DFAC,2023-03-22,23.784996032714844,24.40809806929169,23.775259831269512,24.262058761592808,1690300
DFAC,2023-03-23,23.784996032714844,24.193907208466037,23.595144747007243,23.960243944749717,1971400
DFAC,2023-03-24,23.892091751098633,23.91740438858545,23.473444385125646,23.648692292462293,1990300
DFAC,2023-03-27,24.038131713867188,24.15009524507043,23.940771556345506,24.096547065583977,1810600
DFAC,2023-03-28,24.047868728637695,24.10628408233014,23.921299962481683,24.00892392151566,1452900
DFAC,2023-03-29,24.339946746826172,24.369155351438966,24.184171236205728,24.28153139459115,1226200
DFAC,2023-03-30,24.447040557861328,24.54439884910545,24.33994420910435,24.505455904005874,2482800
DFAC,2023-03-31,24.80727195739746,24.80727195739746,24.534665756826577,24.54440010085514,1490600
DFAC,2023-04-03,24.914369583129883,24.95331253220299,24.71964926679266,24.826745626477187,1669100
DFAC,2023-04-04,24.6125545501709,24.95331231531339,24.520061565068897,24.914369366578768,1315100
DFAC,2023-04-05,24.52492904663086,24.608657031073324,24.398360293001748,24.544399591274207,1028900
DFAC,2023-04-06,24.563871383666992,24.597947157185725,24.39835968786583,24.50545603720493,1505200
DFAC,2023-04-10,24.68070411682129,24.69044031746898,24.42854153392011,24.456777072895537,1536700
DFAC,2023-04-11,24.77806854248047,24.8754268517786,24.699205860721236,24.758596137824554,2181900
DFAC,2023-04-12,24.68070411682129,24.953310306995107,24.632023113582825,24.94357596333781,1299600
DFAC,2023-04-13,24.953310012817383,24.98933376909012,24.680703825857353,24.75859157313027,1753700
DFAC,2023-04-14,24.885160446166992,25.094484131804354,24.73912114053385,24.963048199637367,1749100
DFAC,2023-04-17,24.982521057128906,24.997124430860957,24.81700934586694,24.904633302240367,2370200
DFAC,2023-04-18,25.011728286743164,25.089616037350385,24.914368134236526,25.089616037350385,1829600
DFAC,2023-04-19,24.99225425720215,25.02633002981169,24.850109075176533,24.89489411103617,3795200
DFAC,2023-04-20,24.875425338745117,24.97278549911209,24.782934207741327,24.826746187056933,3463000
DFAC,2023-04-21,24.855955123901367,24.91339741501533,24.739122558504057,24.894898074373383,3957600
DFAC,2023-04-24,24.904634475708008,24.953313628435573,24.77806756442195,24.865691524924085,1419000
DFAC,2023-04-25,24.447040557861328,24.78779829119649,24.437304357338842,24.78779829119649,1432400
DFAC,2023-04-26,24.28152847290039,24.495719309983205,24.237716499748185,24.45677636550921,1636600
DFAC,2023-04-27,24.709911346435547,24.73425277702741,24.38862414672152,24.437305150914813,1585200
DFAC,2023-04-28,24.96304702758789,24.96304702758789,24.69044083173607,24.700177032586556,1592400
DFAC,2023-05-01,24.953310012817383,25.07014256222195,24.91436706767611,24.953310012817383,1350600
DFAC,2023-05-02,24.60281753540039,24.904632341830627,24.36915427974564,24.904632341830627,1635000
DFAC,2023-05-03,24.466510772705078,24.82674275922846,24.441198137279507,24.661231066553988,2167300
DFAC,2023-05-04,24.203643798828125,24.398362259891954,24.10044154744174,24.398362259891954,1391000
DFAC,2023-05-05,24.690441131591797,24.76345985337156,24.476248424260724,24.485984625229452,1482300
DFAC,2023-05-08,24.68070411682129,24.72938326306936,24.583343967334756,24.72938326306936,1239600
DFAC,2023-05-09,24.563871383666992,24.651495331855276,24.523953518404937,24.53466463893115,1090700
DFAC,2023-05-10,24.63202476501465,24.78780027184077,24.388625303475013,24.778065927530843,1588200
DFAC,2023-05-11,24.563871383666992,24.563871383666992,24.417832089016645,24.554135183091585,1376300
DFAC,2023-05-12,24.53466796875,24.66123487942706,24.378892452382562,24.651498677530263,1044000
DFAC,2023-05-15,24.700178146362305,24.729384893240308,24.505457834553198,24.593081789168245,1216000
DFAC,2023-05-16,24.437305450439453,24.612553353702445,24.437305450439453,24.583344750828463,1240400
DFAC,2023-05-17,24.797536849975586,24.836481655769198,24.481118659359943,24.593082190530758,1310200
DFAC,2023-05-18,25.011728286743164,25.056513325519465,24.70991162827354,24.73912023112267,1373700
DFAC,2023-05-19,24.933839797973633,25.13829444089332,24.85595204967227,25.099351495237837,1194700
DFAC,2023-05-22,24.99225425720215,25.089614403368124,24.865687367079612,24.982518056886516,1139000
DFAC,2023-05-23,24.75859260559082,25.02146445997036,24.743989232677663,24.894895704754823,1391400
DFAC,2023-05-24,24.544401168823242,24.680706132030007,24.494748955553362,24.680706132030007,1493100
DFAC,2023-05-25,24.622289657592773,24.680705006594486,24.45677795459586,24.641760202599702,1468500
DFAC,2023-05-26,24.914369583129883,24.943578187677634,24.661233914687717,24.661233914687717,1344900
DFAC,2023-05-30,24.865690231323242,25.0117295388991,24.778066275379615,24.98252093458771,1135800
DFAC,2023-05-31,24.651498794555664,24.787801907776572,24.534668085220783,24.71965035116612,1560800
DFAC,2023-06-01,24.865690231323242,24.95331233027632,24.573609759180975,24.68070611799886,3569300
DFAC,2023-06-02,25.410903930664062,25.45958307974385,25.070144316134044,25.070144316134044,1676900
DFAC,2023-06-05,25.27459716796875,25.44984506334138,25.245390423400224,25.42063831877286,1191200
DFAC,2023-06-06,25.508262634277344,25.542338408092228,25.196709784127776,25.235654586767872,2243800
DFAC,2023-06-07,25.634830474853516,25.702982024998214,25.525787994622,25.566678924708818,1417700
DFAC,2023-06-08,25.664039611816406,25.712718760935186,25.508264106247697,25.625094806928974,1180500
DFAC,2023-06-09,25.62509536743164,25.780870876407654,25.59588862011773,25.68351071905001,1082300
DFAC,2023-06-12,25.849023818969727,25.8684962228861,25.644569148819745,25.683512099661844,2982500
DFAC,2023-06-13,26.072952270507812,26.111895220633695,25.91717675602305,25.926911100811562,2442100
DFAC,2023-06-14,25.99506378173828,26.155706464096653,25.80034346561665,26.111894485818816,1151200
DFAC,2023-06-15,26.316349029541016,26.36016100453266,25.94638082805815,25.94638082805815,1442100
DFAC,2023-06-16,26.20925521850586,26.462390892217645,26.17031041163146,26.462390892217645,1391100
DFAC,2023-06-20,26.034008026123047,26.102159583059414,25.901599021648007,26.082689036070917,1614300
DFAC,2023-06-21,25.948036193847656,26.075041935132344,25.899188978523895,25.96757582533789,1640800
DFAC,2023-06-22,25.938264846801758,25.959759185532796,25.82103079158508,25.899187449530103,1479200
DFAC,2023-06-23,25.742876052856445,25.8503403009166,25.684259020878013,25.75264586875316,1288200
DFAC,2023-06-26,25.742876052856445,25.9040733566476,25.73310623695973,25.742876052856445,1810400
DFAC,2023-06-27,26.084808349609375,26.11411592962141,25.772179876735585,25.791719505677992,1374000
DFAC,2023-06-28,26.084808349609375,26.133655558563817,25.9480328104141,25.99688188277012,1258600
DFAC,2023-06-29,26.270429611206055,26.289969240428757,26.055499279961133,26.11411630422764,1384200
DFAC,2023-06-30,26.52444076538086,26.60064457848347,26.43163031620121,26.475593552844565,1409900
DFAC,2023-07-03,26.563520431518555,26.592828014126912,26.468755272494484,26.504901539498356,637100
DFAC,2023-07-05,26.43651580810547,26.504902654938636,26.387668592768012,26.43651580810547,1470200
DFAC,2023-07-06,26.162965774536133,26.21181298493297,25.987112835664906,26.19227335541358,1806800
DFAC,2023-07-07,26.22158432006836,26.462892982079257,26.143427660860773,26.143427660860773,2445600
DFAC,2023-07-10,26.416975021362305,26.416975021362305,26.19227301164181,26.211812640904743,1013800
DFAC,2023-07-11,26.64167594909668,26.66121557893272,26.426743747703565,26.485362637211686,1445800
DFAC,2023-07-12,26.817529678344727,26.92499391879543,26.779426840025017,26.876146706172538,1391200
DFAC,2023-07-13,27.003150939941406,27.042230201286298,26.905456513382664,26.954303726662037,1433400
DFAC,2023-07-14,26.88591766357422,27.052000802310175,26.837068585474352,27.052000802310175,1061600
DFAC,2023-07-17,27.022687911987305,27.081304934835863,26.837065165665045,26.856604794415084,1547300
DFAC,2023-07-18,27.276697158813477,27.302097185153727,27.00314794989445,27.022687578403282,1244500
DFAC,2023-07-19,27.34508514404297,27.408588007663848,27.286468119455332,27.32554551471322,1132100
DFAC,2023-07-20,27.22784996032715,27.35485381887525,27.180955597250406,27.325544376101902,1833900
DFAC,2023-07-21,27.18877410888672,27.33531761430602,27.18877410888672,27.33531761430602,1231400
DFAC,2023-07-24,27.30600929260254,27.354856505287007,27.22687434836343,27.247390401299114,1275100
DFAC,2023-07-25,27.37439727783203,27.462323755053905,27.26204719324893,27.266931169360454,1218900
DFAC,2023-07-26,27.403703689575195,27.481860347830388,27.286469633893265,27.286469633893265,1113700
DFAC,2023-07-27,27.208314895629883,27.58932839858547,27.135042208106803,27.579558582688936,1225300
DFAC,2023-07-28,27.462324142456055,27.49163172634225,27.34020424052539,27.423244879405367,1276900
DFAC,2023-07-31,27.569786071777344,27.579555886718854,27.462321834224063,27.520938860471457,1301800
DFAC,2023-08-01,27.49163055419922,27.52973339306962,27.38905028816755,27.462322971562596,1204800
DFAC,2023-08-02,27.169235229492188,27.335318370468805,27.12038801413511,27.30601078661529,1385000
DFAC,2023-08-03,27.091073989868164,27.219056132171655,26.978723922806864,27.061766410966133,1442500
DFAC,2023-08-04,26.983612060546875,27.33043210538083,26.973842245613312,27.159463139145995,1120200
DFAC,2023-08-07,27.198543548583984,27.208313363930525,27.0324604144963,27.100847258520332,2153700
DFAC,2023-08-08,27.081308364868164,27.100847996093034,26.81753079693964,27.012921518982925,2219100
DFAC,2023-08-09,26.915224075317383,27.09107702201781,26.87614667794046,27.08130720682315,1226800
DFAC,2023-08-10,26.89568519592285,27.23761939658492,26.80775872620928,27.061768320559413,1263100
DFAC,2023-08-11,26.89568519592285,26.98361166563642,26.768679467046965,26.80775872620928,1210300
DFAC,2023-08-14,26.99338150024414,26.99338150024414,26.768681334589324,26.85660781043717,1447200
DFAC,2023-08-15,26.651445388793945,26.85660590897896,26.62213594445253,26.846836094198487,1737600
DFAC,2023-08-16,26.4462833404541,26.74816372641144,26.43651352554978,26.61236646702422,1625600
DFAC,2023-08-17,26.211814880371094,26.563520783546224,26.202045064904922,26.524441521681535,1693400
DFAC,2023-08-18,26.26066017150879,26.33393285043921,26.02619020769372,26.02619020769372,1122000
DFAC,2023-08-21,26.348588943481445,26.392552182001342,26.139520852428298,26.319281360069375,1162600
DFAC,2023-08-22,26.231351852416992,26.426742551729763,26.21181222346524,26.38766515722784,1215600
DFAC,2023-08-23,26.504901885986328,26.532258487327756,26.231354506589728,26.25089413751856,1278100
DFAC,2023-08-24,26.182504653930664,26.61725304391514,26.162966886982165,26.524440731452497,1364900
DFAC,2023-08-25,26.32904815673828,26.41697462369627,26.04572912689552,26.280199084316298,2447200
DFAC,2023-08-28,26.504901885986328,26.582082123773983,26.421861249641434,26.436515041137177,1445900
DFAC,2023-08-29,26.866376876831055,26.876146692030837,26.4755935858484,26.514670983245807,1567800
DFAC,2023-08-30,26.964073181152344,27.012920393778018,26.837067446882838,26.885916522910232,1264600
DFAC,2023-08-31,26.934764862060547,27.07153855385426,26.934764862060547,27.003151707957404,2075000
DFAC,2023-09-01,27.11061668395996,27.17900352700045,27.022690210507413,27.120386499165992,1363300
DFAC,2023-09-05,26.807758331298828,27.061767921907098,26.807758331298828,27.032458477967126,1153000
DFAC,2023-09-06,26.651445388793945,26.84195211850907,26.53420947482991,26.778449254136817,977100
DFAC,2023-09-07,26.52444076538086,26.56352002613127,26.416976525120667,26.51467095019326,1225200
DFAC,2023-09-08,26.543977737426758,26.641674016116966,26.504898480590064,26.543977737426758,1009000
DFAC,2023-09-11,26.661216735839844,26.749141347114,26.59282802844612,26.710063949147905,1039100
DFAC,2023-09-12,26.57328987121582,26.719833372391296,26.5390964497216,26.602597453409885,1170500
DFAC,2023-09-13,26.51466941833496,26.641675145034444,26.436512764751278,26.553748676827603,1113200
DFAC,2023-09-14,26.7784481048584,26.817527362303082,26.63190461624394,26.700291453370586,1361000
DFAC,2023-09-15,26.504901885986328,26.71983409939996,26.45605467206601,26.71983409939996,1369000
DFAC,2023-09-18,26.485361099243164,26.573287564997912,26.436512027489663,26.465821470541762,1055400
DFAC,2023-09-19,26.423595428466797,26.506934254304017,26.286328729892215,26.44320335389771,2278800
DFAC,2023-09-20,26.227500915527344,26.585371264356088,26.222599401748543,26.511837337116024,2646600
DFAC,2023-09-21,25.835311889648438,26.07062380048402,25.815702096222267,26.07062380048402,2882700
DFAC,2023-09-22,25.78628921508789,25.957872114464845,25.76668129037898,25.90394611380617,1540300
DFAC,2023-09-25,25.913747787475586,25.913747787475586,25.698043811674985,25.698043811674985,1912600
DFAC,2023-09-26,25.54117202758789,25.805898643374448,25.511759205895785,25.727461335373942,1366400
DFAC,2023-09-27,25.609804153442383,25.72353758594031,25.413709964895304,25.629412076222867,1849800
DFAC,2023-09-28,25.805898666381836,25.90394576899312,25.59019653671137,25.60000143398179,1420200
DFAC,2023-09-29,25.688243865966797,25.982383306302857,25.634317865550166,25.982383306302857,2962400
DFAC,2023-10-02,25.570585250854492,25.707850064449026,25.433320437259958,25.65882745104893,1491400
DFAC,2023-10-03,25.247034072875977,25.52156560204754,25.129377168918722,25.433323391602862,2057300
DFAC,2023-10-04,25.34507942199707,25.384297140532087,25.096041018507034,25.24703232052016,2195300
DFAC,2023-10-05,25.31566619873047,25.384298612716833,25.14800674883621,25.305861301004843,1373300
DFAC,2023-10-06,25.580392837524414,25.698047870094094,25.099964069330007,25.18820627880378,1782400
DFAC,2023-10-09,25.776485443115234,25.815703161493047,25.47253924274587,25.501953934098914,913600
DFAC,2023-10-10,25.94316291809082,26.10003940087854,25.805898099506074,25.83531279067119,1440700
DFAC,2023-10-11,25.9921875,26.04611349895675,25.830409503129747,25.972577705817017,1341600
DFAC,2023-10-12,25.737266540527344,26.02160295423874,25.590196820028638,26.02160295423874,1590100
DFAC,2023-10-13,25.629413604736328,25.903945111056473,25.521563477686858,25.845117599021048,1479600
DFAC,2023-10-16,25.913747787475586,25.989243430968706,25.72745850021854,25.72745850021854,1666600
DFAC,2023-10-17,26.05101203918457,26.1784738167335,25.766677536354795,25.766677536354795,1559900
DFAC,2023-10-18,25.658828735351562,25.93826175992281,25.609806119497733,25.923555349185246,1756200
DFAC,2023-10-19,25.38429832458496,25.786289776307612,25.34017722036696,25.658829847507285,1612300
DFAC,2023-10-20,25.06074333190918,25.384297461813077,25.06074333190918,25.364689537343857,1686900
DFAC,2023-10-23,24.933284759521484,25.212717801860066,24.867594001278206,24.982307378492344,1854200
DFAC,2023-10-24,25.09015464782715,25.207809659183543,24.952889844547126,25.07054485590352,1592200
DFAC,2023-10-25,24.77640724182129,25.01171915157397,24.754835721114638,24.982304461570077,1568400
DFAC,2023-10-26,24.619535446166992,24.830336073363583,24.536194750020577,24.737190479429763,2092000
DFAC,2023-10-27,24.42344093322754,24.678362662317028,24.35480851964441,24.648947969312967,2023500
DFAC,2023-10-30,24.66855239868164,24.746989692870905,24.47245822816217,24.590115104492376,1607900
DFAC,2023-10-31,24.84503936767578,24.863667362069457,24.61168731783768,24.7077745560609,2800900
DFAC,2023-11-01,25.021526336669922,25.065647440664595,24.781311021567145,24.854846818255933,1926400
DFAC,2023-11-02,25.54117202758789,25.55097692484957,25.237227692847547,25.237227692847547,2041100
DFAC,2023-11-03,25.884336471557617,25.982383576051877,25.717656954945262,25.717656954945262,1556900
DFAC,2023-11-06,25.805898666381836,25.933360460804384,25.707851563770557,25.91375066626354,2153100
DFAC,2023-11-07,25.835311889648438,25.874529606407954,25.678437282424717,25.786287406083005,1450000
DFAC,2023-11-08,25.766681671142578,25.894141599052354,25.67843946332312,25.854923878962033,1752000
DFAC,2023-11-09,25.550973892211914,25.845115164871967,25.52156107401081,25.835310268774027,1292500
DFAC,2023-11-10,25.894140243530273,25.923554934627937,25.550976327762427,25.66863322206019,1375000
DFAC,2023-11-13,25.884336471557617,25.933360958851235,25.76668144223888,25.79609426452208,1395900
DFAC,2023-11-14,26.570661544799805,26.619684156856387,26.276520262181986,26.276520262181986,1852800
DFAC,2023-11-15,26.649099349975586,26.831465190759243,26.60987976351461,26.619684660129852,1251100
DFAC,2023-11-16,26.541248321533203,26.643217005924843,26.433396324940116,26.60007583326903,1668800
DFAC,2023-11-17,26.698123931884766,26.71773372656143,26.580468904010676,26.609881725932723,1488800
DFAC,2023-11-20,26.854997634887695,26.900100535127176,26.66871020208001,26.698123023000758,1491900
DFAC,2023-11-21,26.737340927124023,26.786363538966455,26.69812134157586,26.766753746192375,1893100
DFAC,2023-11-22,26.87460708618164,26.93343459736583,26.786364884358925,26.786364884358925,1684100
DFAC,2023-11-24,26.933435440063477,26.95304523443605,26.83539020838646,26.83539020838646,364400
DFAC,2023-11-27,26.854997634887695,26.91382701691496,26.80597501995786,26.874607428896784,1437100
DFAC,2023-11-28,26.84519386291504,26.962850761807466,26.77656145109986,26.835390835592555,1345200
DFAC,2023-11-29,26.864803314208984,27.100115238891796,26.84519351962885,26.953045519726658,1406100
DFAC,2023-11-30,27.011873245239258,27.02167814260623,26.85009711391661,26.91382801175545,1393300
DFAC,2023-12-01,27.364839553833008,27.3707228657308,26.923628563354182,26.96284814921576,1858700
DFAC,2023-12-04,27.345232009887695,27.355036907159487,27.17070932667289,27.178552496453143,1892500
DFAC,2023-12-05,27.178550720214844,27.276597816431995,27.11972321052168,27.227575203369828,1864500
DFAC,2023-12-06,27.08050537109375,27.394254581489363,27.08050537109375,27.31581727889046,1788700
DFAC,2023-12-07,27.29620933532715,27.320720643407807,27.158944514001114,27.22757692466413,1784100
DFAC,2023-12-08,27.44327735900879,27.48249694558999,27.25698806293372,27.26679295957902,1804900
DFAC,2023-12-11,27.580541610717773,27.580541610717773,27.41386211132448,27.43347190421611,1468900
DFAC,2023-12-12,27.619762420654297,27.65898013808297,27.444257945653288,27.541325115704087,1617200
DFAC,2023-12-13,28.129606246948242,28.129606246948242,27.570740207289152,27.639372616357054,1343600
DFAC,2023-12-14,28.453161239624023,28.531598548116797,28.276676827992052,28.335504341838394,1934900
DFAC,2023-12-15,28.355112075805664,28.482571991558544,28.276674773013244,28.413939585376777,1672600
DFAC,2023-12-18,28.42374610900879,28.50022355891246,28.384528390414097,28.462965697696397,1943200
DFAC,2023-12-19,28.71204948425293,28.73172920073725,28.51525607293184,28.51525607293184,1574500
DFAC,2023-12-20,28.298782348632812,28.820283529322836,28.279102633868458,28.67268754535107,2321500
DFAC,2023-12-21,28.613649368286133,28.623489225355534,28.367658571833616,28.46605526576679,2313200
DFAC,2023-12-22,28.721887588500977,28.811427853247196,28.58413145828431,28.66284844265343,1743800
DFAC,2023-12-26,28.889162063598633,28.94819933401094,28.74156607242638,28.751405930288595,1655300
DFAC,2023-12-27,28.90884017944336,28.9481996112692,28.823235479659267,28.889162340291445,2967200
DFAC,2023-12-28,28.879322052001953,28.958039037719654,28.859642336382283,28.879322052001953,1749500
DFAC,2023-12-29,28.761245727539062,28.918679699480766,28.66284902588525,28.86948228703435,1527100
DFAC,2024-01-02,28.613649368286133,28.731725776358108,28.480814112990473,28.564451959699962,1849200
DFAC,2024-01-03,28.23974609375,28.44637747590263,28.215145511031956,28.44637747590263,2149700
DFAC,2024-01-04,28.170867919921875,28.367661326900798,28.141350222607752,28.23974692609721,2010200
DFAC,2024-01-05,28.200387954711914,28.37750164853428,28.111831107800732,28.121670965986535,2010800
DFAC,2024-01-08,28.574295043945312,28.574295043945312,28.161030384160615,28.21022779830313,1302400
DFAC,2024-01-09,28.436538696289062,28.524112119718303,28.307638994862483,28.377501424401583,1266200
DFAC,2024-01-10,28.53493309020996,28.592003511911603,28.367659269438295,28.466055965791195,1551900
DFAC,2024-01-11,28.505413055419922,28.564452198329544,28.250567699208535,28.544772484026335,1706700
DFAC,2024-01-12,28.505413055419922,28.702206444930294,28.422760507459472,28.643169178781523,1304200
DFAC,2024-01-16,28.318464279174805,28.431619832782353,28.216132006506246,28.397181267630536,1658800
DFAC,2024-01-17,28.161029815673828,28.190547512859045,28.01441912223462,28.07247297059616,1510100
DFAC,2024-01-18,28.387340545654297,28.416858242451323,28.13150987176781,28.279103986035903,2152000
DFAC,2024-01-19,28.721887588500977,28.73664643658239,28.35585351734653,28.534934046838966,1469100
DFAC,2024-01-22,28.92852020263672,28.977719492941617,28.81044565942702,28.820285517488,1622800
DFAC,2024-01-23,28.948200225830078,29.026917214391887,28.835044672070048,28.997397639895816,1693200
DFAC,2024-01-24,28.899003982543945,29.13416965820732,28.879324265415953,29.115475240668513,1611400
DFAC,2024-01-25,29.105634689331055,29.12924997397033,28.9482007095766,29.076115114341693,1483700
DFAC,2024-01-26,29.1154727935791,29.21386949418793,29.05151465666922,29.10563293584212,1359200
DFAC,2024-01-29,29.371305465698242,29.371305465698242,29.076115343758712,29.08595520216614,1508900
DFAC,2024-01-30,29.312265396118164,29.3614628067016,29.263066108773813,29.292585681180423,1287900
DFAC,2024-01-31,28.80060386657715,29.26306590380939,28.7907640091772,29.20402863617059,1429900
DFAC,2024-02-01,29.14499282836914,29.14499282836914,28.771085735486096,28.908839992463534,1990000
DFAC,2024-02-02,29.312265396118164,29.410660217285038,29.007235444865927,29.076112570387107,1421300
DFAC,2024-02-05,29.135150909423828,29.223707747433572,28.96787709060107,29.21386789023684,1459600
DFAC,2024-02-06,29.2630672454834,29.2630672454834,29.13515284694114,29.164670543733436,1999700
DFAC,2024-02-07,29.420499801635742,29.45985923114584,29.25322597973962,29.390982106264065,1185900
DFAC,2024-02-08,29.548418045043945,29.548418045043945,29.38409635705811,29.400822051280432,1700800
DFAC,2024-02-09,29.7156925201416,29.743243372530358,29.528738966959992,29.56809652318919,1353900
DFAC,2024-02-12,29.85344886779785,29.991203139365844,29.705854737294832,29.705854737294832,1562900
DFAC,2024-02-13,29.312265396118164,29.45887420514986,29.09382543988762,29.3614628067016,1335500
DFAC,2024-02-14,29.62713623046875,29.656653929006115,29.351625824633047,29.51889966446881,2101800
DFAC,2024-02-15,29.942001342773438,29.976439905629185,29.68617067815865,29.68617067815865,1495900
DFAC,2024-02-16,29.794410705566406,30.001042106778055,29.75505127099592,29.912485255755595,1531700
DFAC,2024-02-20,29.60745620727539,29.65665362216939,29.489379784064287,29.646813763838374,2002200
DFAC,2024-02-21,29.62713623046875,29.62713623046875,29.405744107633016,29.528739522901635,1897800
DFAC,2024-02-22,30.099435806274414,30.148633217806278,29.8534449950932,29.922322121942187,1668000
DFAC,2024-02-23,30.168312072753906,30.22734934026065,30.082707378002812,30.138792500620085,1471700
DFAC,2024-02-26,30.109277725219727,30.227352271683984,30.06991829189092,30.138795423455253,2189600
DFAC,2024-02-27,30.217510223388672,30.227350081007746,30.104354675910734,30.15847295443517,1763200
DFAC,2024-02-28,30.128957748413086,30.212593729946082,30.06991859781922,30.09943817311615,2372400
DFAC,2024-02-29,30.27655029296875,30.34542742164306,30.10435559452198,30.28639015088808,2133300
DFAC,2024-03-01,30.522539138793945,30.547137843622597,30.25686862241839,30.306066032075698,1654500
DFAC,2024-03-04,30.473342895507812,30.61700144802537,30.473342895507812,30.54222190337167,1597200
DFAC,2024-03-05,30.27655029296875,30.468422830493182,30.148634016778463,30.384784976559377,2730100
DFAC,2024-03-06,30.424144744873047,30.547140155084083,30.345427757408423,30.46350230022485,1734000
DFAC,2024-03-07,30.71933364868164,30.77837279813855,30.60125910328994,30.620938819775578,1473300
DFAC,2024-03-08,30.58157730102539,30.925964808991267,30.52745902276149,30.79804853732006,1924000
DFAC,2024-03-11,30.532381057739258,30.56681962217697,30.374947084092295,30.522541199791196,1075200
DFAC,2024-03-12,30.75869369506836,30.793132261224496,30.473343430619114,30.611099572004758,1210600
DFAC,2024-03-13,30.788209915161133,30.866926897334075,30.699653075621463,30.798047895766967,1220600
DFAC,2024-03-14,30.620939254760742,30.81773079212945,30.42414584063095,30.80789093374685,1345600
DFAC,2024-03-15,30.5127010345459,30.59830573339479,30.374946778182398,30.374946778182398,1325700
DFAC,2024-03-18,30.591415405273438,30.7193297928524,30.57173569125796,30.66029252756679,1403100
DFAC,2024-03-19,30.793550491333008,30.808342140493618,30.51746478290611,30.51746478290611,1368500
DFAC,2024-03-20,31.138660430908203,31.184017101395742,30.759040689871593,30.783690931613112,1314100
DFAC,2024-03-21,31.306285858154297,31.39995753249143,31.27670443856169,31.27670443856169,2643300
DFAC,2024-03-22,31.1781005859375,31.335864381128797,31.16429630087558,31.32600390884274,1620100
DFAC,2024-03-25,31.118938446044922,31.202751521998675,31.104148677632484,31.138659391056727,1445800
DFAC,2024-03-26,31.04991912841797,31.237264357370815,31.040058655242245,31.19782246466792,1522700
DFAC,2024-03-27,31.424610137939453,31.424610137939453,31.17317276927724,31.217543959000395,1246500
DFAC,2024-03-28,31.503490447998047,31.557722108322515,31.434467138053247,31.434467138053247,1304700
DFAC,2024-04-01,31.375307083129883,31.52321041873253,31.321075421247222,31.52321041873253,2050800
DFAC,2024-04-02,31.128803253173828,31.148524200931735,30.995689676847597,31.148524200931735,1963800
DFAC,2024-04-03,31.1781005859375,31.266841075126415,31.04005585462553,31.049916326911582,1861200
DFAC,2024-04-04,30.83299446105957,31.444328754402047,30.793552568228204,31.414749215471485,1630100
DFAC,2024-04-05,31.109081268310547,31.212615300241424,30.86257507163394,30.892156492284624,1503300
DFAC,2024-04-08,31.128803253173828,31.217545637391318,31.09922371223006,31.158384674810687,1649200
DFAC,2024-04-09,31.1781005859375,31.265855592105645,30.88229205943423,31.227401066674986,1588000
DFAC,2024-04-10,30.76397132873535,30.931595602616845,30.645647537474886,30.754110856072575,2085100
DFAC,2024-04-11,30.921737670898438,30.990759104516744,30.61606863531306,30.862574830060165,1388400
DFAC,2024-04-12,30.448442459106445,30.803411959347216,30.35970196473915,30.714669584287023,1873900
DFAC,2024-04-15,30.113195419311523,30.7491799252565,30.04121378022842,30.68508967347529,1744300
DFAC,2024-04-16,29.985013961791992,30.172359200037707,29.90613205316638,30.093477291412096,2177900
DFAC,2024-04-17,29.8173885345459,30.19010614982301,29.76808804879361,30.13291615702369,2060700
DFAC,2024-04-18,29.787805557250977,30.07868292164437,29.718784128529304,29.93571076816071,1813200
DFAC,2024-04-19,29.669485092163086,29.89627033493412,29.570882240312603,29.76808794401357,1179200
DFAC,2024-04-22,29.94556999206543,30.123052852508067,29.718782889118586,29.827246204410866,1174800
DFAC,2024-04-23,30.300540924072266,30.364633061125257,30.004734243462014,30.004734243462014,1570300
DFAC,2024-04-24,30.310401916503906,30.399144298345064,30.13291715282159,30.34984381096355,1457800
DFAC,2024-04-25,30.1723575592041,30.22165804415415,29.812458753128467,29.965291384889397,1377700
DFAC,2024-04-26,30.39914321899414,30.47802512441961,30.221658461613597,30.241379408143207,1249000
DFAC,2024-04-29,30.507606506347656,30.556906991917515,30.3695617615047,30.458304140084824,1237500
DFAC,2024-04-30,30.01459312438965,30.448442648839706,30.00473265146675,30.41886311076392,1481700
DFAC,2024-05-01,29.935712814331055,30.399143782205133,29.86669138089162,29.994873774322997,1697200
DFAC,2024-05-02,30.231517791748047,30.27095968331587,29.896269236193163,30.1526358893053,1435100
DFAC,2024-05-03,30.576627731323242,30.685091055673865,30.43858486810824,30.606209150880584,1875100
DFAC,2024-05-06,30.911874771118164,30.911874771118164,30.714669078522167,30.714669078522167,1241100
DFAC,2024-05-07,30.941452026367188,31.049915337364318,30.935537247738285,30.971033442282604,1575800
DFAC,2024-05-08,30.931596755981445,30.961176294379868,30.80341248727852,30.81327296030897,1410900
DFAC,2024-05-09,31.148521423339844,31.163311192492888,30.911875713426532,30.931596659425875,1804400
DFAC,2024-05-10,31.1781005859375,31.27670154741247,31.10907727993512,31.266841075126415,1403100
DFAC,2024-05-13,31.1781005859375,31.306282964270633,31.138658696793282,31.306282964270633,1446900
DFAC,2024-05-14,31.345726013183594,31.37530555044339,31.192891508134167,31.23726269471672,1650400
DFAC,2024-05-15,31.680973052978516,31.690831644467416,31.454185954185725,31.503488315094057,1435100
DFAC,2024-05-16,31.55278968811035,31.72041207786333,31.55278968811035,31.671111596252786,1828800
DFAC,2024-05-17,31.602094650268555,31.611957004820333,31.493633199209118,31.602094650268555,1632400
DFAC,2024-05-20,31.64153480529785,31.73520836145648,31.592234319409197,31.63167621267451,1606700
DFAC,2024-05-21,31.651391983032227,31.671112928783312,31.57251196141369,31.592232907164775,1654000
DFAC,2024-05-22,31.513351440429688,31.631677123633278,31.395029518612173,31.61195617643268,1523500
DFAC,2024-05-23,31.25698471069336,31.690834238036196,31.187961399772846,31.690834238036196,1510800
DFAC,2024-05-24,31.503490447998047,31.523209513003668,31.335866170946463,31.395027127349113,1124700
DFAC,2024-05-28,31.464048385620117,31.589272440670115,31.320088868050473,31.582370297782433,1222800
DFAC,2024-05-29,31.168243408203125,31.26191508378276,31.148522461546467,31.178103881531452,1247200
DFAC,2024-05-30,31.148521423339844,31.26684333795004,31.06963952003541,31.128800477340505,1355200
DFAC,2024-05-31,31.434467315673828,31.43939849247277,30.951315427487543,31.227403026748092,1541200
DFAC,2024-06-03,31.355587005615234,31.552792712344587,31.098234856011597,31.552792712344587,2219800
DFAC,2024-06-04,31.237262725830078,31.287550572191822,31.089359397305206,31.266842263119337,1419000
DFAC,2024-06-05,31.58237075805664,31.59223311168893,31.24712408158235,31.395027414287195,1636600
DFAC,2024-06-06,31.513351440429688,31.60702499928601,31.414750465812773,31.562651927738145,1447900
DFAC,2024-06-07,31.434467315673828,31.587301824661566,31.338824677950683,31.42460872346176,1382200
DFAC,2024-06-10,31.513351440429688,31.547864038377252,31.30628713690252,31.335868557703417,2144300
DFAC,2024-06-11,31.533071517944336,31.538002694955004,31.252054610511923,31.4246100727185,1847400
DFAC,2024-06-12,31.838741302490234,32.075385145198645,31.78944081537482,31.888041789605648,1290700
DFAC,2024-06-13,31.80915641784668,31.907761148555625,31.62181307157849,31.907761148555625,1142900
DFAC,2024-06-14,31.651391983032227,31.66125433660067,31.493630059102248,31.631674798666943,1203100
DFAC,2024-06-17,31.917619705200195,31.966920189806537,31.587302320813247,31.621813036176274,1963200
DFAC,2024-06-18,32.003665924072266,32.038280367917864,31.928502592765895,31.934437036381063,1288000
DFAC,2024-06-20,31.914653778076172,32.120363531265546,31.835532900992074,32.05311154028227,2603900
DFAC,2024-06-21,31.884986877441406,31.934435541664723,31.76630555607595,31.934435541664723,1460100
DFAC,2024-06-24,31.884986877441406,32.09267353079408,31.884986877441406,31.884986877441406,1465100
DFAC,2024-06-25,31.904760360717773,31.94432079749738,31.776194600220403,31.94432079749738,1400200
DFAC,2024-06-26,31.875093460083008,31.909707900765444,31.73663569735327,31.78608435937231,1594300
DFAC,2024-06-27,31.904760360717773,31.93443257464793,31.80586304145966,31.865203696629067,1160800
DFAC,2024-06-28,31.884986877441406,32.17179063901313,31.78113977807382,32.02344464634319,1251800
DFAC,2024-07-01,31.845426559448242,32.003664549186105,31.746525457930034,31.973996105076278,2609800
DFAC,2024-07-02,32.003665924072266,32.003665924072266,31.74751903961481,31.756418818691845,1993800
DFAC,2024-07-03,32.112457275390625,32.12234550024403,31.983887716146388,32.01355616339826,825600
DFAC,2024-07-05,32.132232666015625,32.152009112748615,31.986848241883116,32.10256045053394,1001200
DFAC,2024-07-08,32.20146179199219,32.28057889759777,32.135198245053246,32.22124201156637,1392400
DFAC,2024-07-09,32.171791076660156,32.29047239964009,32.1520108561635,32.21135151765347,1500200
DFAC,2024-07-10,32.5080451965332,32.51793719249328,32.232118117765786,32.24101789597701,1627900
DFAC,2024-07-11,32.58716583251953,32.74540381249131,32.527825175270976,32.606946051602385,1358200
DFAC,2024-07-12,32.85419464111328,33.03221284834981,32.705844877519105,32.72562509751108,1907800
DFAC,2024-07-15,33.03221130371094,33.20528350468354,32.94320220425488,32.9629824233219,1496600
DFAC,2024-07-16,33.477256774902344,33.5019829946761,33.1212241099238,33.1212241099238,1502200
DFAC,2024-07-17,33.091548919677734,33.36352222199713,33.07671469822233,33.160777801597014,1648800
DFAC,2024-07-18,32.79485321044922,33.28934738055412,32.66826433270493,33.1409976204462,2465300
DFAC,2024-07-19,32.547607421875,32.814634737091154,32.49815875743303,32.73551385583099,972700
DFAC,2024-07-22,32.90364074707031,32.92342096552472,32.56738457872721,32.75529099500771,1734600
DFAC,2024-07-23,32.87397384643555,33.00253961337831,32.811664080403894,32.82452141163639,1482100
DFAC,2024-07-24,32.21135330200195,32.70584752373694,32.18168485595914,32.656398856101745,1297000
DFAC,2024-07-25,32.250911712646484,32.725625682871325,32.1173961684853,32.211351271954925,2354100
DFAC,2024-07-26,32.656394958496094,32.77012650321381,32.468488534832744,32.50804520060483,1439900
DFAC,2024-07-29,32.58716583251953,32.78496425065702,32.498156732992214,32.725623593408464,1452800
DFAC,2024-07-30,32.5574951171875,32.794853984423725,32.364642688110465,32.69595665714517,1482300
DFAC,2024-07-31,32.962982177734375,33.24978592034173,32.804740426377215,32.92342173989508,2043900
DFAC,2024-08-01,32.36958694458008,33.170668834121145,32.15695430695016,33.03221107430464,1477000
DFAC,2024-08-02,31.647628784179688,31.875095663343018,31.370711353233673,31.875095663343018,1927900
DFAC,2024-08-05,30.708086013793945,31.08390262480011,30.317437068238053,30.46083893836454,2625100
DFAC,2024-08-06,31.01467514038086,31.430050321237587,30.75753794400807,30.866325379374796,2647700
DFAC,2024-08-07,30.787206649780273,31.538838025663974,30.7476480964946,31.40038025964573,2295800
DFAC,2024-08-08,31.489389419555664,31.51510219628613,31.004785351267714,31.083904344328083,1667000
DFAC,2024-08-09,31.558618545532227,31.672353867380682,31.34104178452837,31.459719331859343,1201500
DFAC,2024-08-12,31.519058227539062,31.68718631546803,31.44488334985006,31.62784565877863,1685400
DFAC,2024-08-13,32.003665924072266,32.01850014676446,31.657517712924818,31.716858376385034,1589700
DFAC,2024-08-14,32.0629997253418,32.14212060233155,31.894873520775157,32.05311150206361,1090000
DFAC,2024-08-15,32.66628646850586,32.705846910949404,32.42893135922748,32.45859980471441,1191600
DFAC,2024-08-16,32.74540328979492,32.781994619534046,32.55749309785285,32.55749309785285,1246400
DFAC,2024-08-19,33.02232360839844,33.03715783145783,32.72661627431437,32.7355160536117,1394300
DFAC,2024-08-20,32.88386535644531,33.051991578954784,32.79980224519058,33.012434908929386,1408600
DFAC,2024-08-21,33.091548919677734,33.12122113527965,32.9135307168307,32.953091155839175,1259300
DFAC,2024-08-22,32.85419464111328,33.21023105558634,32.78496575748699,33.13111017561846,1258500
DFAC,2024-08-23,33.36846923828125,33.39813768209738,33.02232104543106,33.032213041830595,1809600
DFAC,2024-08-26,33.31901931762695,33.52275220469962,33.259682425514086,33.47725731774712,1435900
DFAC,2024-08-27,33.29923629760742,33.33879673748574,33.15089030710052,33.20033897060282,1294400
DFAC,2024-08-28,33.15089416503906,33.30418617154292,32.953095715319854,33.24979150355285,1898000
DFAC,2024-08-29,33.200340270996094,33.46736759159689,33.150891605556986,33.23990071242392,1318300
DFAC,2024-08-30,33.457481384277344,33.47725783349196,33.07671871479344,33.269571162514325,1211200
DFAC,2024-09-03,32.70584487915039,33.26956794453045,32.582221333712816,33.26956794453045,1253200
DFAC,2024-09-04,32.58716583251953,32.83441291201863,32.51793695207507,32.59705405571544,1486800
DFAC,2024-09-05,32.458595275878906,32.70089634982816,32.33002574222197,32.616833250883246,1316200
DFAC,2024-09-06,31.954212188720703,32.626724510491876,31.914651752689263,32.51793519775083,1757500
DFAC,2024-09-09,32.20146179199219,32.359699775894484,32.08278047454712,32.142121133269654,1570700
DFAC,2024-09-10,32.26079559326172,32.330024468806144,31.954211650905187,32.330024468806144,1597400
DFAC,2024-09-11,32.49816131591797,32.54760998425289,31.708948194864348,32.250914201551815,1262100
DFAC,2024-09-12,32.804744720458984,32.83738227458314,32.40915160835665,32.557497610635714,1436200
DFAC,2024-09-13,33.091548919677734,33.168689134860486,32.93331093633494,32.93331093633494,995000
DFAC,2024-09-16,33.22011947631836,33.23989969642768,33.04210126802572,33.0915499319534,1269900
DFAC,2024-09-17,33.33317947387695,33.51665334209626,33.20424913003322,33.37285093094862,1551500
DFAC,2024-09-18,33.25383758544922,33.7100517892886,33.22408588336696,33.32326074582681,1590700
DFAC,2024-09-19,33.85881423950195,33.95799288569878,33.64062500114744,33.84889826652152,1769700
DFAC,2024-09-20,33.6802978515625,33.77947650185817,33.581122984545495,33.71996931168077,1485000
DFAC,2024-09-23,33.769554138183594,33.82906132376705,33.680295251447596,33.77947389408669,3260600
DFAC,2024-09-24,33.84889602661133,33.85881199893558,33.680294230872995,33.85881199893558,2324400
DFAC,2024-09-25,33.670379638671875,33.878649115522265,33.630708181192254,33.82906168531195,1477300
DFAC,2024-09-26,33.85881423950195,34.01253641200889,33.754679498454166,33.94807312943984,1548100
DFAC,2024-09-27,33.90840148925781,34.09386158420963,33.829062356004016,33.9877444057901,1758400
DFAC,2024-09-30,34.00757598876953,34.04724744219899,33.68624326923575,33.85880993004807,2014600
DFAC,2024-10-01,33.72988510131836,34.00758153735475,33.56227829065796,34.00758153735475,1711100
DFAC,2024-10-02,33.710052490234375,33.8092273547564,33.55137043703199,33.690216760674254,1795000
DFAC,2024-10-03,33.640625,33.739803646193444,33.52657428597568,33.62079305403982,1951700
DFAC,2024-10-04,33.98774337768555,34.005592885070435,33.72194915527664,33.95799167652515,1689300
DFAC,2024-10-07,33.719966888427734,33.91832039148593,33.61087227258181,33.87864893421861,1307100
DFAC,2024-10-08,33.90840148925781,33.94410807166444,33.72195017534112,33.80922662687094,1153300
DFAC,2024-10-09,34.11667251586914,34.17121982158782,33.87864756516236,33.88856353743928,1202800
DFAC,2024-10-10,34.0472526550293,34.106756061005775,33.908402546767434,34.027416925277606,1192000
DFAC,2024-10-11,34.39436721801758,34.424118919925,34.04725141816938,34.04725141816938,3385800
DFAC,2024-10-14,34.66214370727539,34.69189540903025,34.424118743401145,34.46379020125993,1059900
DFAC,2024-10-15,34.43403625488281,34.72164484741476,34.416182965026614,34.62246999251108,1269300
DFAC,2024-10-16,34.67205810546875,34.7315652895544,34.48461558302462,34.513376064518624,1345400
DFAC,2024-10-17,34.68198013305664,34.8604979137296,34.65222464742546,34.8604979137296,2031600
DFAC,2024-10-18,34.76131820678711,34.80793198012202,34.67205931917324,34.77123796278777,1025100
DFAC,2024-10-21,34.562965393066406,34.75140292805795,34.44395480163072,34.73156719893892,1306500
DFAC,2024-10-22,34.49353790283203,34.553045082719215,34.364611354660155,34.42411475126933,1256800
DFAC,2024-10-23,34.235687255859375,34.42412101822303,33.997662276255916,34.394369314502114,1181500
DFAC,2024-10-24,34.245601654052734,34.33486054438831,34.08691960270932,34.33486054438831,1519600
DFAC,2024-10-25,34.17617416381836,34.50345798135003,34.10675101160462,34.40427934727465,1183700
DFAC,2024-10-28,34.39436721801758,34.44197221103654,34.334860030924254,34.364615516110156,1309700
DFAC,2024-10-29,34.36461639404297,34.429079677582095,34.176178855072564,34.26543774635366,1120000
DFAC,2024-10-30,34.31502151489258,34.53817061090994,34.27535384333057,34.28526981540153,1343100
DFAC,2024-10-31,33.72988510131836,34.156343837069834,33.72988510131836,34.14642786373362,1468400
DFAC,2024-11-01,33.84889602661133,34.126588651029444,33.813193229654466,33.888563699186584,2012800
DFAC,2024-11-04,33.81914138793945,34.00757891631202,33.74971823010062,33.85881284478403,1405100
DFAC,2024-11-05,34.25551986694336,34.265435839521196,33.82906116380769,33.85881286481955,1324100
DFAC,2024-11-06,35.425804138183594,35.455555841527314,35.01422125329507,35.158027458254146,2240500
DFAC,2024-11-07,35.54481506347656,35.62911407924895,35.45555616934148,35.524979333304465,1397700
DFAC,2024-11-08,35.693580627441406,35.743168060508935,35.521013939068084,35.564650274842926,1699700
DFAC,2024-11-11,35.822509765625,35.89193293355366,35.74515306183005,35.83242952291704,1476300
DFAC,2024-11-12,35.634071350097656,35.85920289863437,35.51506076105235,35.79275339658421,2033800
DFAC,2024-11-13,35.57456588745117,35.7828391574689,35.55473015776955,35.723331968424034,1770900
DFAC,2024-11-14,35.346458435058594,35.653906550757064,35.29687100563068,35.63407082233022,1426600
DFAC,2024-11-15,34.91008758544922,35.2373676821642,34.80099295878464,35.2373676821642,1507500
DFAC,2024-11-18,35.00926208496094,35.11835671047187,34.88033172905904,34.93983892023193,1385000
DFAC,2024-11-19,35.09851837158203,35.1381898294156,34.72164708872,34.77123830265119,1429900
DFAC,2024-11-20,35.15802764892578,35.172903500678316,34.830743777255286,35.12827216214203,2072800
DFAC,2024-11-21,35.52497863769531,35.59440180029894,35.12827160857864,35.35638060945183,1498100
DFAC,2024-11-22,35.76300048828125,35.79275218871897,35.524975534944616,35.574562963433586,1325100
DFAC,2024-11-25,36.00102615356445,36.15475211933683,35.90681116265487,36.00102615356445,1595500
DFAC,2024-11-26,36.05060958862305,36.10020080108056,35.89688742318408,36.010941915246704,1561500
DFAC,2024-11-27,35.97126770019531,36.179537156744075,35.90184454801239,36.12002997632526,1291000
DFAC,2024-11-29,36.1497917175293,36.23508195261406,36.07044879656595,36.090284526806784,1132400
DFAC,2024-12-02,36.18946075439453,36.23904818503639,36.070446380919925,36.19937672721152,1860000
DFAC,2024-12-03,36.159706115722656,36.209293547525135,36.05061149579008,36.209293547525135,2306500
DFAC,2024-12-04,36.29854965209961,36.31838537995388,36.1418538336239,36.219210523960776,2293300
DFAC,2024-12-05,36.1497917175293,36.35806121014003,36.13292964434917,36.29855401941752,1359200
DFAC,2024-12-06,36.159706115722656,36.288636465031935,36.11011868392018,36.22912927690184,1427700
DFAC,2024-12-09,35.92168426513672,36.179541175705864,35.90184853612702,36.159705446696165,1773500
DFAC,2024-12-10,35.753082275390625,35.94151980836952,35.72729544948346,35.90184835055518,1646800
DFAC,2024-12-11,35.96135330200195,36.05061219428726,35.91176586923869,35.95143732876075,2262800
DFAC,2024-12-12,35.743167877197266,35.93160163519893,35.743167877197266,35.93160163519893,1478900
DFAC,2024-12-13,35.594398498535156,35.80266796702679,35.50513961442756,35.80266796702679,1867100
DFAC,2024-12-16,35.594398498535156,35.70845298839197,35.55472704264772,35.594398498535156,1984800
DFAC,2024-12-17,35.345767974853516,35.47505476827823,35.27615084182507,35.39549395646681,1819900
DFAC,2024-12-18,34.291561126708984,35.50290687904343,34.251778822238535,35.425330247171246,2245300
DFAC,2024-12-19,34.27166748046875,34.689374059312556,34.251776329681036,34.57997462690468,2833900
DFAC,2024-12-20,34.629703521728516,34.88828470988446,34.07276263434214,34.12249241242172,2444300
DFAC,2024-12-23,34.7888298034668,34.79977126543735,34.41985896992095,34.61976069415481,2361900
DFAC,2024-12-24,35.08718490600586,35.09215864205343,34.78882523858487,34.798772710680005,996000
DFAC,2024-12-26,35.13691711425781,35.186643096633176,34.918118239187095,34.93800939090709,1300700
DFAC,2024-12-27,34.79877471923828,35.01756979792289,34.56008469521508,34.95790013730401,1732100
DFAC,2024-12-30,34.450687408447266,34.64959514190228,34.21697110617633,34.450687408447266,1948300
DFAC,2024-12-31,34.40095901489258,34.649592715840384,34.32139440954166,34.5899192618272,1660200
DFAC,2025-01-02,34.371124267578125,34.73910108358921,34.15232539618543,34.60981049650724,2446200
DFAC,2025-01-03,34.74904251098633,34.793798547166574,34.445709111244426,34.51035629752156,1656400
DFAC,2025-01-06,34.90816879272461,35.23139335066353,34.84849913478755,35.017568224074616,1782400
DFAC,2025-01-07,34.61975860595703,35.0722699782941,34.482512314565994,35.02751773224013,2094400
DFAC,2025-01-08,34.65953826904297,34.69434683730421,34.382063711496286,34.58992113252048,2056500
DFAC,2025-01-10,34.1324348449707,34.41090338156755,34.000162290087204,34.41090338156755,2361500
DFAC,2025-01-13,34.23188400268555,34.261722624766406,33.83904611813566,33.85396353225161,1920700
DFAC,2025-01-14,34.440738677978516,34.48947066717383,34.15232269645988,34.440738677978516,1885600
DFAC,2025-01-15,35.007625579833984,35.07226897579172,34.83855269170341,34.96784327746806,1571100
DFAC,2025-01-16,35.01757049560547,35.102105045732614,34.89822737814071,35.01757049560547,1598600
DFAC,2025-01-17,35.276153564453125,35.365661855805016,35.2065364260516,35.325879549904286,1804200
DFAC,2025-01-21,35.644126892089844,35.654070570659044,35.41538434650695,35.42532802507615,3162200
DFAC,2025-01-22,35.74357604980469,35.81319317587639,35.72368490037722,35.78335834865962,1887800
DFAC,2025-01-23,35.90270233154297,35.90270233154297,35.65904238431859,35.7037984200898,1935900
DFAC,2025-01-24,35.79330825805664,35.92259504736719,35.73264081724835,35.872869067336275,1670600
DFAC,2025-01-27,35.40543746948242,35.461131175644425,35.186642392638504,35.186642392638504,1487600
DFAC,2025-01-28,35.644126892089844,35.6938528726341,35.32587606398763,35.44521917606368,1735100
DFAC,2025-01-29,35.53472900390625,35.69385442487735,35.37560358293515,35.62423729031808,1760900
DFAC,2025-01-30,35.76347351074219,35.87287295497555,35.54467841612496,35.644130386964655,1688400
DFAC,2025-01-31,35.47505569458008,35.932544601375945,35.425329711668375,35.88281861846424,1976200
DFAC,2025-02-03,35.19658660888672,35.33582087641807,34.758992654666876,34.84850094005835,2237400
DFAC,2025-02-04,35.425331115722656,35.45516974173175,35.156806244737524,35.156806244737524,1768000
DFAC,2025-02-05,35.634185791015625,35.64014972227905,35.29604378746737,35.4054394350379,1559600
DFAC,2025-02-06,35.703800201416016,35.803252162104435,35.48500133528255,35.803252162104435,1564000
DFAC,2025-02-07,35.37560272216797,35.768444425536195,35.34377612120844,35.713744707734975,1642400
DFAC,2025-02-10,35.55461883544922,35.604344816309386,35.46511055236125,35.604344816309386,1326800
DFAC,2025-02-11,35.56455993652344,35.60036628224287,35.3855471771707,35.425325682666376,1388400
DFAC,2025-02-12,35.365657806396484,35.44521861523864,35.13890324134538,35.19658492260217,1799200
DFAC,2025-02-13,35.74357604980469,35.74854978562376,35.42035530469269,35.46510754551786,3421500
DFAC,2025-02-14,35.7535285949707,35.86292803542143,35.7236899696709,35.77341974722078,1621300
DFAC,2025-02-18,35.882816314697266,35.89275999310147,35.72368710943742,35.81319539047155,1725400
DFAC,2025-02-19,35.90270233154297,35.947458367314184,35.73064748893381,35.76346807598618,1608500
DFAC,2025-02-20,35.68391036987305,35.85297946806429,35.50787576444998,35.85297946806429,1805400
DFAC,2025-02-21,35.007625579833984,35.7634703555406,34.987734428651024,35.7634703555406,2164100
DFAC,2025-02-24,34.90816879272461,35.18664110721074,34.82363424808108,35.12696765542463,1954900
DFAC,2025-02-25,34.808719635009766,35.00762736312255,34.54019477113491,34.90817160214148,2025800
DFAC,2025-02-26,34.79877471923828,35.093154656042806,34.664510395147346,34.898226682835904,1496400
DFAC,2025-02-27,34.32139587402344,34.92806273723822,34.30150851568632,34.87833675369671,2043200
DFAC,2025-02-28,34.7888298034668,34.82363837266924,34.17918095121431,34.3313446671349,1584000
DFAC,2025-03-03,34.122493743896484,34.97282062711558,33.923586005364925,34.918120904173165,3775300
DFAC,2025-03-04,33.674949645996094,34.182160735411216,33.37857793548006,33.85396621728361,3552900
DFAC,2025-03-05,34.003143310546875,34.112542745126255,33.45018220675945,33.674948800657894,2645100
DFAC,2025-03-06,33.51582336425781,33.920596719331456,33.35669794874537,33.635166477429856,2763600
DFAC,2025-03-07,33.70478439331055,33.799266415103624,33.10309128335565,33.38653355488563,4361600
DFAC,2025-03-10,32.89921188354492,33.411396681069164,32.61079589085294,33.24729753413934,2484200
DFAC,2025-03-11,32.63068771362305,32.9956787631155,32.372106544555564,32.81964795728842,4771900
DFAC,2025-03-12,32.660526275634766,32.95888598693685,32.40194887086618,32.92905115396151,2954000
DFAC,2025-03-13,32.24281692504883,32.690358351176585,32.11253614199261,32.67046719958766,2033700
DFAC,2025-03-14,32.929046630859375,32.96385519583252,32.48150522845533,32.501396378989845,2395200
DFAC,2025-03-17,33.23735046386719,33.376588519637835,32.919099638375336,32.919099638375336,1691900
DFAC,2025-03-18,32.929046630859375,33.11800687016373,32.829590878186785,33.108063191820996,2314800
DFAC,2025-03-19,33.27713394165039,33.50587649344168,32.9588831049104,33.01855655949261,2459800
DFAC,2025-03-20,33.17768096923828,33.48598432391732,33.03944069509727,33.0881726870107,2336600
DFAC,2025-03-21,33.127952575683594,33.16276113880044,32.79478056430936,32.91909740313366,1972100
DFAC,2025-03-24,33.77439880371094,33.82412478185846,33.53571259106327,33.53571259106327,3230600
DFAC,2025-03-25,33.78736114501953,33.87310303071306,33.67271156036142,33.807301029991415,1907300
DFAC,2025-03-26,33.49823760986328,33.882073729668065,33.39854199084972,33.78736022940432,2464500
DFAC,2025-03-27,33.34869384765625,33.56603212044028,33.219086501720206,33.40850969720824,2148000
DFAC,2025-03-28,32.700660705566406,33.30881385962979,32.645826975075835,33.22905812637152,2671500
DFAC,2025-03-31,32.89009094238281,33.00972645562545,32.18622779656893,32.35172542807437,3437100
DFAC,2025-04-01,32.999752044677734,33.11440542984611,32.56108599480624,32.77044907748508,2863300
DFAC,2025-04-02,33.288875579833984,33.40851108705904,32.66078251140008,32.66078251140008,2346300
DFAC,2025-04-03,31.454448699951172,32.192209251332415,31.444480658767123,32.09250982377047,6064200
DFAC,2025-04-04,29.73965835571289,30.716689922907157,29.639960830136054,30.607024356187562,9809000
DFAC,2025-04-07,29.600082397460938,30.706719395741622,28.30401839277477,28.752656298545386,11594000
DFAC,2025-04-08,29.031808853149414,30.676811330910382,28.61308077684916,30.58708375016232,9276400
DFAC,2025-04-09,31.713661193847656,31.863206530570114,28.762626623741163,28.832414320773502,7824200
DFAC,2025-04-10,30.547203063964844,31.02575078079094,29.68980895369432,30.99584095424805,7267000
DFAC,2025-04-11,31.0257511138916,31.17031052313752,30.198264919707828,30.467445755195712,3574300
DFAC,2025-04-14,31.33481216430664,31.57906909833539,30.981884188893112,31.554145193046836,3101500
DFAC,2025-04-15,31.23511505126953,31.584055434602348,31.185267240038602,31.36472050141321,2349600
DFAC,2025-04-16,30.636932373046875,31.155357986316496,30.35778158249565,30.94599489340308,3539600
DFAC,2025-04-17,30.766538619995117,31.02076549532319,30.616991385784647,30.73662879283861,2282500
DFAC,2025-04-21,30.088598251342773,30.507326330645498,29.77953763853451,30.487386445542484,3600600
DFAC,2025-04-22,30.826356887817383,30.95596233785037,30.407628808490045,30.407628808490045,2720200
DFAC,2025-04-23,31.294933319091797,31.95293432632291,31.19124819664495,31.60399583883076,2441400
DFAC,2025-04-24,31.893115997314453,31.94296571003875,31.255054887020343,31.364720451869577,1518300
DFAC,2025-04-25,31.992813110351562,32.042660920863625,31.65882669489009,31.863205760504876,2132800
DFAC,2025-04-28,32.07257080078125,32.21215000312166,31.73858626654158,32.08254264537776,1441300
DFAC,2025-04-29,32.25202560424805,32.33677106977432,31.924023419878193,31.93299503739722,1936700
DFAC,2025-04-30,32.17226791381836,32.3018752622273,31.48435710726494,31.823327539388536,2058800
DFAC,2025-05-01,32.41154098510742,32.711631894002906,32.3626895957991,32.47136064275091,2068200
DFAC,2025-05-02,32.959877014160156,33.044618673390644,32.68072242618882,32.79038989255497,1679000
DFAC,2025-05-05,32.81032943725586,32.99477051997134,32.70066197202742,32.73057370090874,1932100
DFAC,2025-05-06,32.56108856201172,32.81033143336917,32.43148120402541,32.53118063445503,1918500
DFAC,2025-05-07,32.700660705566406,32.821296433903264,32.43147797492471,32.68072082146583,2386400
DFAC,2025-05-08,33.0296630859375,33.32875374113475,32.80036012351481,32.98978331773946,1833600
DFAC,2025-05-09,32.959877014160156,33.1692401027805,32.8851033958974,33.13933217673308,1266500
DFAC,2025-05-12,34.10639190673828,34.10639190673828,33.79733319564556,34.026636169507455,2006900
DFAC,2025-05-13,34.3057861328125,34.445361521981376,34.13630281829147,34.18615062825976,1737800
DFAC,2025-05-14,34.245967864990234,34.355635333245495,34.166212126441856,34.33569544782233,2650600
DFAC,2025-05-15,34.41545486450195,34.41545486450195,34.111378268405744,34.14627211698346,2061300
DFAC,2025-05-16,34.65472412109375,34.669681886704765,34.365605306063266,34.445361040268345,2296000
DFAC,2025-05-19,34.65472412109375,34.67466400543104,34.265905884376835,34.265905884376835,1660100
DFAC,2025-05-20,34.535091400146484,34.63279417906867,34.3755761157427,34.57497117203352,2665400
DFAC,2025-05-21,33.86711883544922,34.42243110042921,33.81726722416977,34.275876947190454,1867900
DFAC,2025-05-22,33.8471794128418,34.0565424917504,33.73252602973811,33.8471794128418,1936600
DFAC,2025-05-23,33.64778518676758,33.772406613385236,33.3287546388779,33.39854233353226,2260200
DFAC,2025-05-27,34.345664978027344,34.345664978027344,33.90699513456219,34.03660247950817,1760400
DFAC,2025-05-28,34.08645248413086,34.39551500256117,34.039597746826225,34.345667190722544,2294800
DFAC,2025-05-29,34.216060638427734,34.37557592193217,33.9518638066683,34.37557592193217,2286200
DFAC,2025-05-30,34.146270751953125,34.2459663715771,33.82724020538349,34.106390982845895,2763100
DFAC,2025-06-02,34.25593948364258,34.27089344682538,33.82724145772893,34.086452360234176,2704200
DFAC,2025-06-03,34.54506301879883,34.599896753998856,34.2110746853593,34.28584830637246,2585500
DFAC,2025-06-04,34.5151481628418,34.670677736841846,34.5151481628418,34.62481562331045,2976400
DFAC,2025-06-05,34.435394287109375,34.70955914992312,34.32572682072619,34.5949095646274,2597700
DFAC,2025-06-06,34.83417892456055,34.8939985769672,34.68961761693583,34.754423191162374,2003000
DFAC,2025-06-09,34.86409378051758,34.99369733431129,34.824214008668264,34.91394159375704,1912300
DFAC,2025-06-10,35.043548583984375,35.06348466655604,34.88403330140073,34.903969383972395,2033400
DFAC,2025-06-11,34.89400100708008,35.14324387141637,34.794305382603284,35.09339605917797,2542000
DFAC,2025-06-12,34.983726501464844,34.98871242333426,34.71952968954684,34.774363420678206,2100700
DFAC,2025-06-13,34.535091400146484,34.864093813498,34.445363814972836,34.67466679860675,1972400
DFAC,2025-06-16,34.903968811035156,34.99369639371213,34.73448548994768,34.73448548994768,1664400
DFAC,2025-06-17,34.59490966796875,34.84115945303105,34.56499793868313,34.75442494596328,2520000
DFAC,2025-06-18,34.62481689453125,34.84415182352125,34.56998316228375,34.604877009791785,1864000
DFAC,2025-06-20,34.584938049316406,34.84415275471272,34.4852424260989,34.804272984168016,2016200
DFAC,2025-06-23,34.89400100708008,34.90396904827004,34.35563550735907,34.56499860064692,1835700
DFAC,2025-06-24,35.25,35.33000183105469,35.051998138427734,35.130001068115234,1910500
DFAC,2025-06-25,35.20000076293945,35.310001373291016,35.130001068115234,35.29999923706055,2011200
DFAC,2025-06-26,35.560001373291016,35.560001373291016,35.279998779296875,35.31999969482422,2937600
DFAC,2025-06-27,35.70000076293945,35.81999969482422,35.470001220703125,35.59000015258789,2278300
