Stock_ID,Date,Adj Close,Close,High,Low,Open,Volume
JEPQ,2022-05-04,36.11753845214844,51.095001220703125,51.18000030517578,49.529998779296875,50.099998474121094,13500
JEPQ,2022-05-05,35.25869369506836,49.880001068115234,51.0,49.209999084472656,51.0,48500
JEPQ,2022-05-06,34.78509521484375,49.209999084472656,49.58000183105469,48.599998474121094,49.369998931884766,10800
JEPQ,2022-05-09,33.73185348510742,47.720001220703125,48.9900016784668,47.560001373291016,48.9900016784668,21700
JEPQ,2022-05-10,33.97431182861328,48.0629997253418,48.61000061035156,47.599998474121094,48.34000015258789,9800
JEPQ,2022-05-11,33.14514923095703,46.88999938964844,48.25600051879883,46.75,47.720001220703125,27000
JEPQ,2022-05-12,33.00166702270508,46.6870002746582,47.284000396728516,45.880001068115234,46.38999938964844,30400
JEPQ,2022-05-13,34.1418342590332,48.29999923706055,48.34000015258789,47.20600128173828,47.81999969482422,21200
JEPQ,2022-05-16,33.965118408203125,48.04999923706055,48.380001068115234,47.810001373291016,48.380001068115234,27200
JEPQ,2022-05-17,34.593528747558594,48.93899917602539,48.93899917602539,48.27000045776367,48.810001373291016,22600
JEPQ,2022-05-18,33.222904205322266,47.0,48.59000015258789,46.75,48.56999969482422,26000
JEPQ,2022-05-19,33.00377655029297,46.689998626708984,47.25,46.369998931884766,46.75,30500
JEPQ,2022-05-20,32.926029205322266,46.58000183105469,47.47999954223633,45.25299835205078,47.47999954223633,20800
JEPQ,2022-05-23,33.315513610839844,47.13100051879883,47.189998626708984,46.395999908447266,46.93000030517578,109900
JEPQ,2022-05-24,32.83411407470703,46.45000076293945,46.70000076293945,45.72600173950195,46.70000076293945,19600
JEPQ,2022-05-25,33.22997283935547,47.0099983215332,47.23400115966797,46.34000015258789,46.34000015258789,44400
JEPQ,2022-05-26,33.96794891357422,48.05400085449219,48.22999954223633,47.06999969482422,47.06999969482422,17700
JEPQ,2022-05-27,34.78792190551758,49.2140007019043,49.2140007019043,48.56999969482422,48.56999969482422,30500
JEPQ,2022-05-31,34.76954650878906,49.1879997253418,49.72999954223633,48.900001525878906,49.72999954223633,27100
JEPQ,2022-06-01,34.5316276550293,48.47800064086914,49.2400016784668,48.16999816894531,49.15999984741211,38000
JEPQ,2022-06-02,35.318729400634766,49.58300018310547,49.59000015258789,48.33000183105469,48.540000915527344,28800
JEPQ,2022-06-03,34.647010803222656,48.63999938964844,49.150001525878906,48.459999084472656,49.150001525878906,198700
JEPQ,2022-06-06,34.796600341796875,48.849998474121094,49.470001220703125,48.650001525878906,49.38999938964844,125600
JEPQ,2022-06-07,34.988929748535156,49.119998931884766,49.20199966430664,48.279998779296875,48.5,83900
JEPQ,2022-06-08,34.775230407714844,48.81999969482422,49.33000183105469,48.7130012512207,49.15999984741211,66400
JEPQ,2022-06-09,34.12702941894531,47.90999984741211,49.06100082397461,47.86000061035156,48.75,83200
JEPQ,2022-06-10,33.186771392822266,46.59000015258789,47.40999984741211,46.4900016784668,47.369998931884766,91900
JEPQ,2022-06-13,31.833375930786133,44.689998626708984,45.474998474121094,44.5,45.349998474121094,137600
JEPQ,2022-06-14,31.833375930786133,44.689998626708984,44.959999084472656,44.2599983215332,44.869998931884766,149900
JEPQ,2022-06-15,32.54569625854492,45.689998626708984,46.20500183105469,44.90999984741211,45.310001373291016,79100
JEPQ,2022-06-16,31.38460350036621,44.060001373291016,44.70000076293945,43.599998474121094,44.70000076293945,64600
JEPQ,2022-06-17,31.655296325683594,44.439998626708984,44.720001220703125,43.83000183105469,44.2400016784668,42500
JEPQ,2022-06-21,32.388980865478516,45.470001220703125,45.720001220703125,45.08000183105469,45.22999954223633,28300
JEPQ,2022-06-22,32.32487869262695,45.380001068115234,45.88999938964844,45.0099983215332,45.0099983215332,234300
JEPQ,2022-06-23,32.616920471191406,45.790000915527344,46.060001373291016,45.23899841308594,45.7599983215332,59000
JEPQ,2022-06-24,33.57854461669922,47.13999938964844,47.13999938964844,46.380001068115234,46.439998626708984,150800
JEPQ,2022-06-27,33.41471481323242,46.90999984741211,47.380001068115234,46.744998931884766,47.349998474121094,72600
JEPQ,2022-06-28,32.67390823364258,45.869998931884766,47.301998138427734,45.83000183105469,47.13999938964844,163300
JEPQ,2022-06-29,32.752262115478516,45.97999954223633,46.08000183105469,45.58700180053711,45.9900016784668,208000
JEPQ,2022-06-30,32.595542907714844,45.7599983215332,45.91999816894531,44.81999969482422,45.70000076293945,169200
JEPQ,2022-07-01,32.57402038574219,45.38999938964844,45.38999938964844,44.75,45.22999954223633,209100
JEPQ,2022-07-05,33.05484390258789,46.060001373291016,46.16600036621094,44.54999923706055,45.029998779296875,286500
JEPQ,2022-07-06,33.18402099609375,46.2400016784668,46.47800064086914,45.81999969482422,46.130001068115234,221500
JEPQ,2022-07-07,33.672019958496094,46.91999816894531,46.97999954223633,46.45000076293945,46.529998779296875,397700
JEPQ,2022-07-08,33.68638229370117,46.939998626708984,47.06999969482422,46.5,46.720001220703125,387700
JEPQ,2022-07-11,33.35624694824219,46.47999954223633,46.900001525878906,46.34600067138672,46.900001525878906,154400
JEPQ,2022-07-12,33.090721130371094,46.11000061035156,46.7599983215332,45.900001525878906,46.58000183105469,424300
JEPQ,2022-07-13,33.05484390258789,46.060001373291016,46.314998626708984,45.380001068115234,45.5,145800
JEPQ,2022-07-14,33.191200256347656,46.25,46.34000015258789,45.36000061035156,45.939998626708984,163100
JEPQ,2022-07-15,33.59308624267578,46.810001373291016,46.880001068115234,46.47999954223633,46.689998626708984,113500
JEPQ,2022-07-18,33.557193756103516,46.7599983215332,47.400001525878906,46.63999938964844,47.29999923706055,122200
JEPQ,2022-07-19,34.13130569458008,47.560001373291016,47.599998474121094,46.95000076293945,47.119998931884766,208000
JEPQ,2022-07-20,34.38249588012695,47.90999984741211,47.9900016784668,47.5,47.599998474121094,139300
JEPQ,2022-07-21,34.590614318847656,48.20000076293945,48.20000076293945,47.54999923706055,47.9900016784668,142600
JEPQ,2022-07-22,34.181556701660156,47.630001068115234,48.20000076293945,47.5,48.029998779296875,232500
JEPQ,2022-07-25,34.30355453491211,47.79999923706055,48.27000045776367,47.599998474121094,48.27000045776367,142200
JEPQ,2022-07-26,33.95907974243164,47.31999969482422,48.0,47.130001068115234,48.0,111900
JEPQ,2022-07-27,34.84178924560547,48.54999923706055,48.650001525878906,47.599998474121094,47.790000915527344,164100
JEPQ,2022-07-28,34.927913665771484,48.66999816894531,48.70000076293945,48.08300018310547,48.599998474121094,286100
JEPQ,2022-07-29,35.27238082885742,49.150001525878906,49.25,48.709999084472656,48.90999984741211,783700
JEPQ,2022-08-01,35.205081939697266,48.650001525878906,48.939998626708984,48.47999954223633,48.75,259600
JEPQ,2022-08-02,35.139957427978516,48.560001373291016,48.83000183105469,48.37200164794922,48.41999816894531,113100
JEPQ,2022-08-03,35.46559524536133,49.0099983215332,49.099998474121094,48.7400016784668,48.810001373291016,258000
JEPQ,2022-08-04,35.44387435913086,48.97999954223633,49.02000045776367,48.808998107910156,48.900001525878906,157500
JEPQ,2022-08-05,35.328102111816406,48.81999969482422,48.935001373291016,48.617000579833984,48.75,166700
JEPQ,2022-08-08,35.393226623535156,48.90999984741211,49.29999923706055,48.83000183105469,49.119998931884766,111300
JEPQ,2022-08-09,35.23402786254883,48.689998626708984,48.85100173950195,48.57400131225586,48.849998474121094,131200
JEPQ,2022-08-10,35.70439910888672,49.34000015258789,49.459999084472656,49.11800003051758,49.459999084472656,177500
JEPQ,2022-08-11,35.639259338378906,49.25,49.60100173950195,49.150001525878906,49.58000183105469,666200
JEPQ,2022-08-12,36.02278137207031,49.779998779296875,49.810001373291016,49.38999938964844,49.540000915527344,533300
JEPQ,2022-08-15,36.10963439941406,49.900001525878906,49.93000030517578,49.65999984741211,49.77000045776367,273300
JEPQ,2022-08-16,36.06620407104492,49.84000015258789,49.970001220703125,49.61000061035156,49.849998474121094,262900
JEPQ,2022-08-17,35.89976501464844,49.61000061035156,49.83000183105469,49.45000076293945,49.65999984741211,236300
JEPQ,2022-08-18,36.0010871887207,49.75,49.869998931884766,49.54999923706055,49.7599983215332,547700
JEPQ,2022-08-19,35.639259338378906,49.25,49.630001068115234,49.150001525878906,49.630001068115234,221700
JEPQ,2022-08-22,35.00246047973633,48.369998931884766,48.900001525878906,48.27000045776367,48.900001525878906,223100
JEPQ,2022-08-23,34.97351837158203,48.33000183105469,48.70000076293945,48.2599983215332,48.36000061035156,351900
JEPQ,2022-08-24,35.06035232543945,48.45000076293945,48.68000030517578,48.26100158691406,48.31999969482422,369800
JEPQ,2022-08-25,35.54518508911133,49.119998931884766,49.119998931884766,48.53200149536133,48.70000076293945,178800
JEPQ,2022-08-26,34.42353439331055,47.56999969482422,49.220001220703125,47.5,49.220001220703125,467800
JEPQ,2022-08-29,34.03277587890625,47.029998779296875,47.38999938964844,46.86000061035156,47.08000183105469,271000
JEPQ,2022-08-30,33.64925765991211,46.5,47.279998779296875,46.14500045776367,47.18000030517578,438400
JEPQ,2022-08-31,33.46110153198242,46.2400016784668,47.02899932861328,46.20000076293945,46.849998474121094,227700
JEPQ,2022-09-01,33.42156219482422,45.63999938964844,45.810001373291016,44.70000076293945,45.52000045776367,322800
JEPQ,2022-09-02,33.0261344909668,45.099998474121094,46.2400016784668,44.88999938964844,46.119998931884766,232900
JEPQ,2022-09-06,32.886985778808594,44.90999984741211,45.33000183105469,44.619998931884766,45.130001068115234,290800
JEPQ,2022-09-07,33.46550369262695,45.70000076293945,45.849998474121094,44.926998138427734,44.9900016784668,523700
JEPQ,2022-09-08,33.619285583496094,45.90999984741211,46.13800048828125,45.26599884033203,45.45000076293945,280700
JEPQ,2022-09-09,34.3076286315918,46.849998474121094,46.849998474121094,46.23899841308594,46.25,299800
JEPQ,2022-09-12,34.63716125488281,47.29999923706055,47.33000183105469,47.0,47.119998931884766,280000
JEPQ,2022-09-13,33.0334587097168,45.11000061035156,46.31999969482422,45.0,46.2400016784668,663700
JEPQ,2022-09-14,33.245819091796875,45.400001525878906,45.5,44.97999954223633,45.29999923706055,276100
JEPQ,2022-09-15,32.79179763793945,44.779998779296875,45.470001220703125,44.560001373291016,45.18000030517578,420000
JEPQ,2022-09-16,32.586761474609375,44.5,44.569000244140625,44.0099983215332,44.369998931884766,357000
JEPQ,2022-09-19,32.87968063354492,44.900001525878906,44.900001525878906,44.231998443603516,44.25,270100
JEPQ,2022-09-20,32.601402282714844,44.52000045776367,44.790000915527344,44.224998474121094,44.54999923706055,282400
JEPQ,2022-09-21,32.118099212646484,43.86000061035156,45.25,43.79999923706055,44.709999084472656,348900
JEPQ,2022-09-22,31.751951217651367,43.36000061035156,43.7599983215332,43.20000076293945,43.540000915527344,405300
JEPQ,2022-09-23,31.312576293945312,42.7599983215332,43.08000183105469,42.2599983215332,43.08000183105469,372600
JEPQ,2022-09-26,31.232025146484375,42.650001525878906,43.290000915527344,42.5099983215332,42.720001220703125,303600
JEPQ,2022-09-27,31.21004867553711,42.619998931884766,43.349998474121094,42.26300048828125,43.119998931884766,2981900
JEPQ,2022-09-28,31.788558959960938,43.40999984741211,43.56999969482422,42.459999084472656,42.650001525878906,398100
JEPQ,2022-09-29,31.012344360351562,42.349998474121094,42.91999816894531,41.90800094604492,42.91999816894531,383900
JEPQ,2022-09-30,30.499738693237305,41.650001525878906,42.6879997253418,41.650001525878906,42.189998626708984,419800
JEPQ,2022-10-03,31.246164321899414,42.279998779296875,42.470001220703125,41.459999084472656,41.689998626708984,321300
JEPQ,2022-10-04,31.99257469177246,43.290000915527344,43.400001525878906,42.95000076293945,42.9900016784668,247300
JEPQ,2022-10-05,32.02952194213867,43.34000015258789,43.47999954223633,42.529998779296875,42.88999938964844,178900
JEPQ,2022-10-06,31.807817459106445,43.040000915527344,43.560001373291016,42.95000076293945,43.25,348300
JEPQ,2022-10-07,30.85447120666504,41.75,42.54899978637695,41.54999923706055,42.52000045776367,378600
JEPQ,2022-10-10,30.55885124206543,41.349998474121094,41.869998931884766,41.029998779296875,41.869998931884766,322800
JEPQ,2022-10-11,30.159778594970703,40.810001373291016,41.415000915527344,40.59000015258789,41.11000061035156,288000
JEPQ,2022-10-12,30.141311645507812,40.78499984741211,41.09000015258789,40.73500061035156,40.79999923706055,182200
JEPQ,2022-10-13,30.787946701049805,41.65999984741211,41.810001373291016,39.61000061035156,39.790000915527344,595100
JEPQ,2022-10-14,30.041540145874023,40.650001525878906,42.029998779296875,40.54999923706055,42.02000045776367,212500
JEPQ,2022-10-17,30.86924934387207,41.77000045776367,41.935001373291016,41.41999816894531,41.41999816894531,748200
JEPQ,2022-10-18,31.098356246948242,42.08000183105469,42.900001525878906,41.75,42.900001525878906,200600
JEPQ,2022-10-19,31.03922462463379,42.0,42.356998443603516,41.720001220703125,41.97999954223633,141500
JEPQ,2022-10-20,30.92837905883789,41.849998474121094,42.59000015258789,41.70000076293945,41.810001373291016,195800
JEPQ,2022-10-21,31.51220703125,42.63999938964844,42.691001892089844,41.650001525878906,41.72999954223633,118300
JEPQ,2022-10-24,31.807817459106445,43.040000915527344,43.15999984741211,42.347999572753906,42.81999969482422,399500
JEPQ,2022-10-25,32.27340316772461,43.66999816894531,43.7400016784668,43.18000030517578,43.18000030517578,285700
JEPQ,2022-10-26,31.785655975341797,43.0099983215332,43.650001525878906,42.900001525878906,43.11000061035156,382700
JEPQ,2022-10-27,31.39396095275879,42.47999954223633,43.130001068115234,42.41999816894531,43.0099983215332,321600
JEPQ,2022-10-28,32.02213668823242,43.33000183105469,43.40999984741211,42.279998779296875,42.45000076293945,427000
JEPQ,2022-10-31,31.8669376373291,43.119998931884766,43.349998474121094,42.9010009765625,43.2400016784668,382900
JEPQ,2022-11-01,31.604883193969727,42.09000015258789,42.88999938964844,42.029998779296875,42.84000015258789,403200
JEPQ,2022-11-02,30.793914794921875,41.0099983215332,42.44200134277344,40.9900016784668,42.130001068115234,424900
JEPQ,2022-11-03,30.27581024169922,40.31999969482422,40.79999923706055,40.25,40.70000076293945,429100
JEPQ,2022-11-04,30.65876579284668,40.83000183105469,41.02000045776367,40.09000015258789,40.970001220703125,677200
JEPQ,2022-11-07,30.96662712097168,41.2400016784668,41.29999923706055,40.75,41.11000061035156,400100
JEPQ,2022-11-08,31.154342651367188,41.4900016784668,41.849998474121094,41.03499984741211,41.4900016784668,916500
JEPQ,2022-11-09,30.58367156982422,40.72999954223633,41.36000061035156,40.68000030517578,41.310001373291016,564200
JEPQ,2022-11-10,32.26565933227539,42.970001220703125,42.9900016784668,41.939998626708984,42.0,1023200
JEPQ,2022-11-11,32.60356521606445,43.41999816894531,43.4900016784668,42.86000061035156,43.04999923706055,552200
JEPQ,2022-11-14,32.49843978881836,43.279998779296875,43.560001373291016,43.20000076293945,43.369998931884766,444900
JEPQ,2022-11-15,32.768768310546875,43.63999938964844,43.95000076293945,43.33000183105469,43.91999816894531,1102400
JEPQ,2022-11-16,32.58103942871094,43.38999938964844,43.900001525878906,43.310001373291016,43.47999954223633,610200
JEPQ,2022-11-17,32.60356521606445,43.41999816894531,43.58000183105469,43.040000915527344,43.130001068115234,687900
JEPQ,2022-11-18,32.701175689697266,43.54999923706055,43.7599983215332,43.292999267578125,43.7599983215332,305300
JEPQ,2022-11-21,32.58103942871094,43.38999938964844,43.638999938964844,43.28499984741211,43.54999923706055,431500
JEPQ,2022-11-22,32.9339599609375,43.86000061035156,43.869998931884766,43.316001892089844,43.58000183105469,391200
JEPQ,2022-11-23,33.11417007446289,44.099998474121094,44.20000076293945,43.91999816894531,43.91999816894531,425200
JEPQ,2022-11-25,33.076622009277344,44.04999923706055,44.150001525878906,44.02000045776367,44.130001068115234,288400
JEPQ,2022-11-28,32.828826904296875,43.720001220703125,44.09000015258789,43.599998474121094,43.959999084472656,573300
JEPQ,2022-11-29,32.6561279296875,43.4900016784668,43.720001220703125,43.29999923706055,43.709999084472656,802300
JEPQ,2022-11-30,33.5046272277832,44.619998931884766,44.619998931884766,43.43000030517578,43.529998779296875,831600
JEPQ,2022-12-01,33.493988037109375,44.060001373291016,44.20000076293945,43.880001068115234,44.150001525878906,482600
JEPQ,2022-12-02,33.410369873046875,43.95000076293945,44.02000045776367,43.560001373291016,43.560001373291016,453500
JEPQ,2022-12-05,33.212711334228516,43.689998626708984,44.0,43.560001373291016,43.83000183105469,1053200
JEPQ,2022-12-06,32.77939987182617,43.119998931884766,43.70800018310547,42.91999816894531,43.70000076293945,796800
JEPQ,2022-12-07,32.68817901611328,43.0,43.19499969482422,42.79999923706055,42.970001220703125,495800
JEPQ,2022-12-08,32.969451904296875,43.369998931884766,43.45000076293945,42.900001525878906,43.16999816894531,282000
JEPQ,2022-12-09,32.80221176147461,43.150001525878906,43.54999923706055,43.099998474121094,43.290000915527344,266400
JEPQ,2022-12-12,33.23551940917969,43.720001220703125,43.720001220703125,43.119998931884766,43.279998779296875,924800
JEPQ,2022-12-13,33.44077682495117,43.9900016784668,44.7599983215332,43.650001525878906,44.58000183105469,791500
JEPQ,2022-12-14,33.31914520263672,43.83000183105469,44.38999938964844,43.45000076293945,44.09000015258789,525900
JEPQ,2022-12-15,32.330894470214844,42.529998779296875,43.404998779296875,42.380001068115234,43.36000061035156,893600
JEPQ,2022-12-16,32.064823150634766,42.18000030517578,42.650001525878906,41.90999984741211,42.31999969482422,493600
JEPQ,2022-12-19,31.66192054748535,41.650001525878906,42.290000915527344,41.47999954223633,42.290000915527344,505800
JEPQ,2022-12-20,31.669519424438477,41.65999984741211,41.86199951171875,41.25,41.560001373291016,439700
JEPQ,2022-12-21,32.12565231323242,42.2599983215332,42.400001525878906,41.75,41.900001525878906,422300
JEPQ,2022-12-22,31.3730411529541,41.27000045776367,41.83000183105469,40.65999984741211,41.83000183105469,844300
JEPQ,2022-12-23,31.433868408203125,41.349998474121094,41.474998474121094,40.81999969482422,41.099998474121094,449700
JEPQ,2022-12-27,31.16020393371582,40.9900016784668,41.43000030517578,40.900001525878906,41.41999816894531,710400
JEPQ,2022-12-28,30.78770637512207,40.5,41.220001220703125,40.400001525878906,40.970001220703125,753000
JEPQ,2022-12-29,31.501800537109375,40.849998474121094,40.959999084472656,40.27000045776367,40.369998931884766,583700
JEPQ,2022-12-30,31.46324920654297,40.79999923706055,40.79999923706055,40.310001373291016,40.54999923706055,779600
JEPQ,2023-01-03,31.362985610961914,40.66999816894531,41.34000015258789,40.34000015258789,41.189998626708984,513300
JEPQ,2023-01-04,31.46324920654297,40.79999923706055,40.9900016784668,40.37300109863281,40.95000076293945,708700
JEPQ,2023-01-05,31.039104461669922,40.25,40.619998931884766,40.18000030517578,40.529998779296875,752200
JEPQ,2023-01-06,31.609758377075195,40.9900016784668,41.16999816894531,40.03099822998047,40.40999984741211,964500
JEPQ,2023-01-09,31.833406448364258,41.279998779296875,41.75,41.2140007019043,41.349998474121094,728900
JEPQ,2023-01-10,32.003055572509766,41.5,41.54999923706055,41.099998474121094,41.20000076293945,524400
JEPQ,2023-01-11,32.35778045654297,41.959999084472656,42.0,41.564998626708984,41.66999816894531,794000
JEPQ,2023-01-12,32.4965934753418,42.13999938964844,42.22999954223633,41.650001525878906,42.06999969482422,1033900
JEPQ,2023-01-13,32.751075744628906,42.470001220703125,42.48500061035156,42.0099983215332,42.06999969482422,551700
JEPQ,2023-01-17,32.835906982421875,42.58000183105469,42.689998626708984,42.40999984741211,42.58000183105469,1052100
JEPQ,2023-01-18,32.61227798461914,42.290000915527344,42.810001373291016,42.2599983215332,42.75,980300
JEPQ,2023-01-19,32.46575164794922,42.099998474121094,42.2599983215332,41.94200134277344,42.150001525878906,571600
JEPQ,2023-01-20,32.94386291503906,42.720001220703125,42.720001220703125,42.150001525878906,42.290000915527344,911300
JEPQ,2023-01-23,33.213768005371094,43.06999969482422,43.130001068115234,42.72600173950195,42.900001525878906,1016900
JEPQ,2023-01-24,33.14436340332031,42.97999954223633,43.060001373291016,42.880001068115234,42.95000076293945,1330600
JEPQ,2023-01-25,33.10581588745117,42.93000030517578,42.970001220703125,42.47999954223633,42.70000076293945,872700
JEPQ,2023-01-26,33.30630874633789,43.189998626708984,43.25,43.0099983215332,43.189998626708984,1325700
JEPQ,2023-01-27,33.41427230834961,43.33000183105469,43.448001861572266,43.099998474121094,43.13999938964844,1249100
JEPQ,2023-01-30,33.08266830444336,42.900001525878906,43.18000030517578,42.86000061035156,43.119998931884766,1075400
JEPQ,2023-01-31,33.429683685302734,43.349998474121094,43.349998474121094,43.0,43.04999923706055,753000
JEPQ,2023-02-01,33.64862060546875,43.189998626708984,43.34000015258789,42.709999084472656,42.869998931884766,1303800
JEPQ,2023-02-02,33.8511848449707,43.45000076293945,43.59000015258789,43.310001373291016,43.5,1341900
JEPQ,2023-02-03,33.633033752441406,43.16999816894531,43.45000076293945,43.06999969482422,43.09000015258789,1305300
JEPQ,2023-02-06,33.5862922668457,43.11000061035156,43.19599914550781,42.97999954223633,43.09000015258789,676700
JEPQ,2023-02-07,33.81222915649414,43.400001525878906,43.45000076293945,43.02000045776367,43.154998779296875,725200
JEPQ,2023-02-08,33.57071304321289,43.09000015258789,43.34700012207031,43.064998626708984,43.34000015258789,871100
JEPQ,2023-02-09,33.461639404296875,42.95000076293945,43.45000076293945,42.88999938964844,43.45000076293945,866500
JEPQ,2023-02-10,33.375938415527344,42.84000015258789,43.150001525878906,42.61000061035156,43.150001525878906,874000
JEPQ,2023-02-13,33.625247955322266,43.15999984741211,43.2400016784668,42.88999938964844,42.95000076293945,679000
JEPQ,2023-02-14,33.87455368041992,43.47999954223633,43.54999923706055,43.0099983215332,43.04999923706055,698500
JEPQ,2023-02-15,34.00699996948242,43.650001525878906,43.65999984741211,43.31999969482422,43.43000030517578,825400
JEPQ,2023-02-16,33.69536590576172,43.25,43.619998931884766,43.209999084472656,43.40999984741211,858400
JEPQ,2023-02-17,33.59408950805664,43.119998931884766,43.16999816894531,42.81999969482422,43.15999984741211,958700
JEPQ,2023-02-21,33.10326385498047,42.4900016784668,42.91999816894531,42.43000030517578,42.84000015258789,934800
JEPQ,2023-02-22,33.14221954345703,42.540000915527344,42.79999923706055,42.349998474121094,42.58000183105469,726600
JEPQ,2023-02-23,33.375938415527344,42.84000015258789,42.970001220703125,42.37300109863281,42.95000076293945,947800
JEPQ,2023-02-24,32.94744110107422,42.290000915527344,42.400001525878906,42.06999969482422,42.36000061035156,1093900
JEPQ,2023-02-27,33.19674301147461,42.61000061035156,42.900001525878906,42.5099983215332,42.70000076293945,1036000
JEPQ,2023-02-28,33.1811637878418,42.59000015258789,42.86899948120117,42.4900016784668,42.63999938964844,1108200
JEPQ,2023-03-01,32.94740676879883,41.86000061035156,42.22999954223633,41.709999084472656,42.099998474121094,1092100
JEPQ,2023-03-02,33.191402435302734,42.16999816894531,42.2400016784668,41.507999420166016,41.560001373291016,914400
JEPQ,2023-03-03,33.6872673034668,42.79999923706055,42.849998474121094,42.310001373291016,42.38999938964844,1239800
JEPQ,2023-03-06,33.71088409423828,42.83000183105469,43.2400016784668,42.81999969482422,42.9900016784668,1121000
JEPQ,2023-03-07,33.44326400756836,42.4900016784668,42.959999084472656,42.41999816894531,42.939998626708984,1729200
JEPQ,2023-03-08,33.569210052490234,42.650001525878906,42.736000061035156,42.34000015258789,42.540000915527344,915600
JEPQ,2023-03-09,33.12055969238281,42.08000183105469,43.060001373291016,41.9900016784668,42.70000076293945,1536300
JEPQ,2023-03-10,32.687660217285156,41.529998779296875,42.25,41.43000030517578,42.13999938964844,1699300
JEPQ,2023-03-13,32.986759185791016,41.90999984741211,42.29999923706055,41.150001525878906,41.400001525878906,1450200
JEPQ,2023-03-14,33.569210052490234,42.650001525878906,42.724998474121094,42.25,42.380001068115234,1752600
JEPQ,2023-03-15,33.71875,42.84000015258789,42.86000061035156,42.16999816894531,42.349998474121094,1397400
JEPQ,2023-03-16,34.32481002807617,43.61000061035156,43.66999816894531,42.630001068115234,42.779998779296875,1420800
JEPQ,2023-03-17,34.23823547363281,43.5,43.79999923706055,43.310001373291016,43.650001525878906,1149900
JEPQ,2023-03-20,34.316925048828125,43.599998474121094,43.66999816894531,43.279998779296875,43.54999923706055,877600
JEPQ,2023-03-21,34.671119689941406,44.04999923706055,44.099998474121094,43.7400016784668,43.93000030517578,831400
JEPQ,2023-03-22,34.521575927734375,43.86000061035156,44.459999084472656,43.79999923706055,44.13999938964844,1234300
JEPQ,2023-03-23,34.72621154785156,44.119998931884766,44.47100067138672,43.893001556396484,44.11000061035156,1272800
JEPQ,2023-03-24,34.844276428222656,44.27000045776367,44.27000045776367,43.90999984741211,44.08000183105469,840100
JEPQ,2023-03-27,34.789188385009766,44.20000076293945,44.43000030517578,44.119998931884766,44.40999984741211,862500
JEPQ,2023-03-28,34.781314849853516,44.189998626708984,44.22999954223633,43.95199966430664,44.22999954223633,752300
JEPQ,2023-03-29,35.10401916503906,44.599998474121094,44.62900161743164,44.42100143432617,44.4900016784668,797900
JEPQ,2023-03-30,35.19847106933594,44.720001220703125,44.86000061035156,44.62900161743164,44.86000061035156,1201400
JEPQ,2023-03-31,35.48969268798828,45.09000015258789,45.09000015258789,44.75899887084961,44.81999969482422,1366300
JEPQ,2023-04-03,35.41335678100586,44.540000915527344,44.560001373291016,44.36000061035156,44.5099983215332,967700
JEPQ,2023-04-04,35.42926025390625,44.560001373291016,44.68000030517578,44.5099983215332,44.630001068115234,994600
JEPQ,2023-04-05,35.35771179199219,44.470001220703125,44.56999969482422,44.33000183105469,44.56999969482422,960000
JEPQ,2023-04-06,35.4610595703125,44.599998474121094,44.619998931884766,44.25,44.41999816894531,1009500
JEPQ,2023-04-10,35.4610595703125,44.599998474121094,44.61000061035156,44.25,44.47999954223633,1176000
JEPQ,2023-04-11,35.4054069519043,44.529998779296875,44.66999816894531,44.47999954223633,44.66999816894531,961200
JEPQ,2023-04-12,35.302059173583984,44.400001525878906,44.7400016784668,44.35300064086914,44.7400016784668,923400
JEPQ,2023-04-13,35.67573547363281,44.869998931884766,44.93000030517578,44.55400085449219,44.56999969482422,828200
JEPQ,2023-04-14,35.69960403442383,44.900001525878906,44.970001220703125,44.619998931884766,44.810001373291016,620800
JEPQ,2023-04-17,35.7552490234375,44.970001220703125,44.97999954223633,44.71500015258789,44.880001068115234,727900
JEPQ,2023-04-18,35.795013427734375,45.02000045776367,45.209999084472656,44.93000030517578,45.18000030517578,699500
JEPQ,2023-04-19,35.83476257324219,45.06999969482422,45.13999938964844,44.79999923706055,44.86000061035156,729800
JEPQ,2023-04-20,35.67573547363281,44.869998931884766,45.13999938964844,44.720001220703125,44.86000061035156,1056100
JEPQ,2023-04-21,35.715492248535156,44.91999816894531,44.9900016784668,44.650001525878906,44.880001068115234,712000
JEPQ,2023-04-24,35.707542419433594,44.90999984741211,45.09000015258789,44.630001068115234,44.97999954223633,1380400
JEPQ,2023-04-25,35.08737564086914,44.130001068115234,44.83000183105469,44.119998931884766,44.83000183105469,1523700
JEPQ,2023-04-26,35.38156509399414,44.5,44.88999938964844,44.439998626708984,44.650001525878906,1278700
JEPQ,2023-04-27,36.17666244506836,45.5,45.59000015258789,44.849998474121094,44.88999938964844,1648000
JEPQ,2023-04-28,36.391319274902344,45.77000045776367,45.77000045776367,45.36000061035156,45.47999954223633,1923200
JEPQ,2023-05-01,36.42668914794922,45.33000183105469,45.43899917602539,45.220001220703125,45.31999969482422,1692100
JEPQ,2023-05-02,36.233821868896484,45.09000015258789,45.38999938964844,44.84000015258789,45.38999938964844,1502700
JEPQ,2023-05-03,36.12936019897461,44.959999084472656,45.43000030517578,44.91999816894531,45.209999084472656,919100
JEPQ,2023-05-04,35.984703063964844,44.779998779296875,44.9900016784668,44.619998931884766,44.93000030517578,995200
JEPQ,2023-05-05,36.515079498291016,45.439998626708984,45.540000915527344,45.0099983215332,45.08000183105469,1247400
JEPQ,2023-05-08,36.66775131225586,45.630001068115234,45.650001525878906,45.36000061035156,45.5,1352000
JEPQ,2023-05-09,36.52312088012695,45.45000076293945,45.560001373291016,45.41999816894531,45.54999923706055,852500
JEPQ,2023-05-10,36.85258483886719,45.86000061035156,45.939998626708984,45.50199890136719,45.81999969482422,1318600
JEPQ,2023-05-11,36.965087890625,46.0,46.029998779296875,45.77000045776367,45.93000030517578,1254600
JEPQ,2023-05-12,36.90080261230469,45.91999816894531,46.08000183105469,45.68000030517578,46.060001373291016,1254000
JEPQ,2023-05-15,37.021339416503906,46.06999969482422,46.099998474121094,45.83000183105469,46.0,1511800
JEPQ,2023-05-16,37.07758712768555,46.13999938964844,46.29999923706055,46.040000915527344,46.040000915527344,1525900
JEPQ,2023-05-17,37.37490463256836,46.5099983215332,46.54999923706055,46.16999816894531,46.29999923706055,1518800
JEPQ,2023-05-18,37.640106201171875,46.84000015258789,46.86000061035156,46.55099868774414,46.599998474121094,3523500
JEPQ,2023-05-19,37.55974197387695,46.7400016784668,46.880001068115234,46.650001525878906,46.81999969482422,1545600
JEPQ,2023-05-22,37.60796356201172,46.79999923706055,46.869998931884766,46.70600128173828,46.72999954223633,1451900
JEPQ,2023-05-23,37.43117141723633,46.58000183105469,46.810001373291016,46.5099983215332,46.7599983215332,1480200
JEPQ,2023-05-24,37.34278106689453,46.470001220703125,46.540000915527344,46.29999923706055,46.529998779296875,1194400
JEPQ,2023-05-25,37.80081558227539,47.040000915527344,47.150001525878906,46.77199935913086,47.150001525878906,2852600
JEPQ,2023-05-26,38.04190444946289,47.34000015258789,47.380001068115234,47.02000045776367,47.22999954223633,2830400
JEPQ,2023-05-30,38.02582931518555,47.31999969482422,47.540000915527344,47.244998931884766,47.529998779296875,3490400
JEPQ,2023-05-31,37.969573974609375,47.25,47.34299850463867,47.18000030517578,47.22999954223633,2277200
JEPQ,2023-06-01,38.09670639038086,47.04999923706055,47.09000015258789,46.84000015258789,46.869998931884766,1343300
JEPQ,2023-06-02,38.19386291503906,47.16999816894531,47.2400016784668,47.029998779296875,47.150001525878906,1693100
JEPQ,2023-06-05,38.25864028930664,47.25,47.33000183105469,47.18000030517578,47.189998626708984,2361100
JEPQ,2023-06-06,38.28293228149414,47.279998779296875,47.310001373291016,47.18199920654297,47.2400016784668,2080300
JEPQ,2023-06-07,38.04002380371094,46.97999954223633,47.400001525878906,46.95000076293945,47.310001373291016,1766100
JEPQ,2023-06-08,38.226253509521484,47.209999084472656,47.25,47.02000045776367,47.02000045776367,1188700
JEPQ,2023-06-09,38.29103088378906,47.290000915527344,47.43000030517578,47.209999084472656,47.2599983215332,1685100
JEPQ,2023-06-12,38.52583312988281,47.58000183105469,47.59000015258789,47.36000061035156,47.40999984741211,1746400
JEPQ,2023-06-13,38.566322326660156,47.630001068115234,47.709999084472656,47.5,47.709999084472656,1373500
JEPQ,2023-06-14,38.623008728027344,47.70000076293945,47.72999954223633,47.54999923706055,47.65999984741211,1074500
JEPQ,2023-06-15,38.7039794921875,47.79999923706055,47.84000015258789,47.630001068115234,47.650001525878906,1751200
JEPQ,2023-06-16,38.623008728027344,47.70000076293945,47.869998931884766,47.689998626708984,47.86000061035156,1454000
JEPQ,2023-06-20,38.72018051147461,47.81999969482422,47.86000061035156,47.599998474121094,47.599998474121094,1324800
JEPQ,2023-06-21,38.60681915283203,47.68000030517578,47.84000015258789,47.59000015258789,47.84000015258789,3899800
JEPQ,2023-06-22,38.81734085083008,47.939998626708984,47.939998626708984,47.6349983215332,47.65999984741211,1533700
JEPQ,2023-06-23,38.679683685302734,47.77000045776367,47.900001525878906,47.619998931884766,47.77000045776367,1868900
JEPQ,2023-06-26,38.42057800292969,47.45000076293945,47.93000030517578,47.41999816894531,47.790000915527344,1482900
JEPQ,2023-06-27,38.76066207885742,47.869998931884766,47.939998626708984,47.52000045776367,47.58000183105469,2110100
JEPQ,2023-06-28,38.784950256347656,47.900001525878906,48.02799987792969,47.720001220703125,47.779998779296875,2281000
JEPQ,2023-06-29,38.80923843383789,47.93000030517578,47.97999954223633,47.810001373291016,47.959999084472656,2239600
JEPQ,2023-06-30,39.16551208496094,48.369998931884766,48.40999984741211,48.150001525878906,48.16999816894531,2246700
JEPQ,2023-07-03,39.179378509521484,48.02000045776367,48.09000015258789,47.970001220703125,48.09000015258789,1172500
JEPQ,2023-07-05,39.24466323852539,48.099998474121094,48.16999816894531,47.959999084472656,47.959999084472656,1456400
JEPQ,2023-07-06,39.1059455871582,47.93000030517578,47.9900016784668,47.7400016784668,47.91999816894531,1625900
JEPQ,2023-07-07,39.065155029296875,47.880001068115234,48.18000030517578,47.86000061035156,47.93000030517578,1305300
JEPQ,2023-07-10,39.024356842041016,47.83000183105469,47.935001373291016,47.59000015258789,47.869998931884766,1813600
JEPQ,2023-07-11,39.14674758911133,47.97999954223633,47.99800109863281,47.69499969482422,47.91999816894531,1494800
JEPQ,2023-07-12,39.45677947998047,48.36000061035156,48.41999816894531,48.18899917602539,48.279998779296875,1660600
JEPQ,2023-07-13,39.750511169433594,48.720001220703125,48.75,48.54899978637695,48.59000015258789,1561200
JEPQ,2023-07-14,39.799461364746094,48.779998779296875,48.95899963378906,48.71699905395508,48.77000045776367,1584500
JEPQ,2023-07-17,39.987117767333984,49.0099983215332,49.04999923706055,48.7599983215332,48.7599983215332,1407200
JEPQ,2023-07-18,40.15846252441406,49.220001220703125,49.2599983215332,48.88999938964844,49.02000045776367,1770300
JEPQ,2023-07-19,40.13398361206055,49.189998626708984,49.31999969482422,49.150001525878906,49.2599983215332,1806000
JEPQ,2023-07-20,39.7586669921875,48.72999954223633,49.150001525878906,48.63999938964844,49.09000015258789,1940800
JEPQ,2023-07-21,39.70156478881836,48.65999984741211,48.959999084472656,48.619998931884766,48.880001068115234,1462200
JEPQ,2023-07-24,39.742340087890625,48.709999084472656,48.84000015258789,48.58000183105469,48.790000915527344,6446700
JEPQ,2023-07-25,39.962646484375,48.97999954223633,49.08000183105469,48.810001373291016,48.81999969482422,1406300
JEPQ,2023-07-26,39.93815994262695,48.95000076293945,49.040000915527344,48.72999954223633,48.959999084472656,1469200
JEPQ,2023-07-27,39.921844482421875,48.93000030517578,49.41999816894531,48.810001373291016,49.40999984741211,2344200
JEPQ,2023-07-28,40.29716491699219,49.38999938964844,49.439998626708984,49.16999816894531,49.209999084472656,1963000
JEPQ,2023-07-31,40.32979965209961,49.43000030517578,49.47999954223633,49.34000015258789,49.474998474121094,2311300
JEPQ,2023-08-01,40.31006622314453,49.040000915527344,49.06999969482422,48.91999816894531,48.9900016784668,1450900
JEPQ,2023-08-02,39.83331298828125,48.459999084472656,48.869998931884766,48.29999923706055,48.86000061035156,2319100
JEPQ,2023-08-03,39.759334564208984,48.369998931884766,48.599998474121094,48.16999816894531,48.2599983215332,2084300
JEPQ,2023-08-04,39.73468780517578,48.34000015258789,48.917999267578125,48.279998779296875,48.630001068115234,1535600
JEPQ,2023-08-07,40.063480377197266,48.7400016784668,48.75,48.361000061035156,48.529998779296875,1240900
JEPQ,2023-08-08,39.79222106933594,48.40999984741211,48.470001220703125,48.04999923706055,48.45000076293945,2295300
JEPQ,2023-08-09,39.43054962158203,47.970001220703125,48.470001220703125,47.84000015258789,48.439998626708984,1599100
JEPQ,2023-08-10,39.496307373046875,48.04999923706055,48.67499923706055,47.880001068115234,48.290000915527344,1542800
JEPQ,2023-08-11,39.3072509765625,47.81999969482422,48.0099983215332,47.650001525878906,47.939998626708984,1680100
JEPQ,2023-08-14,39.71824645996094,48.31999969482422,48.34000015258789,47.66999816894531,47.7400016784668,1601600
JEPQ,2023-08-15,39.397666931152344,47.93000030517578,48.34000015258789,47.84000015258789,48.25,1346400
JEPQ,2023-08-16,38.994895935058594,47.439998626708984,48.0,47.43299865722656,47.880001068115234,1878800
JEPQ,2023-08-17,38.62500762939453,46.9900016784668,47.650001525878906,46.90999984741211,47.56999969482422,1707900
JEPQ,2023-08-18,38.575687408447266,46.93000030517578,47.064998626708984,46.5,46.529998779296875,1746500
JEPQ,2023-08-21,39.12641525268555,47.599998474121094,47.65999984741211,47.060001373291016,47.13999938964844,1558000
JEPQ,2023-08-22,39.08531188964844,47.54999923706055,47.900001525878906,47.470001220703125,47.900001525878906,1500700
JEPQ,2023-08-23,39.61138153076172,48.189998626708984,48.279998779296875,47.650001525878906,47.66999816894531,1843500
JEPQ,2023-08-24,38.87160873413086,47.290000915527344,48.58000183105469,47.27000045776367,48.58000183105469,2093800
JEPQ,2023-08-25,39.192169189453125,47.68000030517578,47.77000045776367,47.025001525878906,47.40999984741211,2044400
JEPQ,2023-08-28,39.397666931152344,47.93000030517578,48.0,47.65999984741211,47.95000076293945,1839100
JEPQ,2023-08-29,40.00592803955078,48.66999816894531,48.689998626708984,47.88199996948242,47.91999816894531,2466500
JEPQ,2023-08-30,40.18677520751953,48.88999938964844,48.939998626708984,48.619998931884766,48.709999084472656,2457300
JEPQ,2023-08-31,40.277183532714844,49.0,49.13999938964844,48.900001525878906,48.959999084472656,2012500
JEPQ,2023-09-01,40.278018951416016,48.54999923706055,48.7400016784668,48.41999816894531,48.7400016784668,1945400
JEPQ,2023-09-05,40.31951141357422,48.599998474121094,48.70000076293945,48.40999984741211,48.540000915527344,1648900
JEPQ,2023-09-06,40.12868881225586,48.369998931884766,48.61000061035156,48.209999084472656,48.58000183105469,1905400
JEPQ,2023-09-07,39.98765563964844,48.20000076293945,48.2400016784668,47.880001068115234,48.0099983215332,1680200
JEPQ,2023-09-08,40.012535095214844,48.22999954223633,48.41999816894531,48.150001525878906,48.220001220703125,1736600
JEPQ,2023-09-11,40.34438705444336,48.630001068115234,48.650001525878906,48.36000061035156,48.5099983215332,1892400
JEPQ,2023-09-12,40.054019927978516,48.279998779296875,48.560001373291016,48.2400016784668,48.51499938964844,1265700
JEPQ,2023-09-13,40.211647033691406,48.470001220703125,48.58000183105469,48.220001220703125,48.2599983215332,1563000
JEPQ,2023-09-14,40.41905975341797,48.720001220703125,48.79999923706055,48.44900131225586,48.63999938964844,1739700
JEPQ,2023-09-15,39.99594497680664,48.209999084472656,48.66999816894531,48.125,48.66999816894531,1885600
JEPQ,2023-09-18,40.06230926513672,48.290000915527344,48.380001068115234,48.09000015258789,48.13999938964844,1449000
JEPQ,2023-09-19,40.02083969116211,48.2400016784668,48.310001373291016,47.92300033569336,48.20500183105469,1764300
JEPQ,2023-09-20,39.572853088378906,47.70000076293945,48.38999938964844,47.68000030517578,48.36000061035156,1671300
JEPQ,2023-09-21,38.89255142211914,46.880001068115234,47.36000061035156,46.869998931884766,47.36000061035156,2808400
JEPQ,2023-09-22,38.91743469238281,46.90999984741211,47.36000061035156,46.8650016784668,47.09000015258789,1630200
JEPQ,2023-09-25,39.0750732421875,47.099998474121094,47.1150016784668,46.65999984741211,46.7599983215332,1529200
JEPQ,2023-09-26,38.55241394042969,46.470001220703125,46.875,46.34000015258789,46.849998474121094,3113700
JEPQ,2023-09-27,38.61049270629883,46.540000915527344,46.7400016784668,46.099998474121094,46.65999984741211,1867800
JEPQ,2023-09-28,38.90915298461914,46.900001525878906,47.125,46.327999114990234,46.459999084472656,2146000
JEPQ,2023-09-29,38.93404006958008,46.93000030517578,47.43000030517578,46.790000915527344,47.31999969482422,2873500
JEPQ,2023-10-02,39.20775604248047,46.84000015258789,46.97700119018555,46.46099853515625,46.52000045776367,2562400
JEPQ,2023-10-03,38.571590423583984,46.08000183105469,46.779998779296875,45.880001068115234,46.630001068115234,2965600
JEPQ,2023-10-04,39.023597717285156,46.619998931884766,46.724998474121094,46.130001068115234,46.209999084472656,2124200
JEPQ,2023-10-05,38.95663833618164,46.540000915527344,46.689998626708984,46.1150016784668,46.650001525878906,1913300
JEPQ,2023-10-06,39.450504302978516,47.130001068115234,47.2400016784668,46.119998931884766,46.25,2984500
JEPQ,2023-10-09,39.59279251098633,47.29999923706055,47.349998474121094,46.72999954223633,46.88999938964844,1768300
JEPQ,2023-10-10,39.76020812988281,47.5,47.72999954223633,47.29999923706055,47.369998931884766,1923000
JEPQ,2023-10-11,39.96110153198242,47.7400016784668,47.779998779296875,47.47100067138672,47.65999984741211,1882600
JEPQ,2023-10-12,39.87739562988281,47.63999938964844,47.970001220703125,47.42900085449219,47.810001373291016,2279700
JEPQ,2023-10-13,39.55931091308594,47.2599983215332,47.77000045776367,47.08399963378906,47.77000045776367,2337200
JEPQ,2023-10-16,39.87739562988281,47.63999938964844,47.72999954223633,47.400001525878906,47.43000030517578,1764900
JEPQ,2023-10-17,39.84391403198242,47.599998474121094,47.7599983215332,47.15999984741211,47.369998931884766,1917900
JEPQ,2023-10-18,39.450504302978516,47.130001068115234,47.58000183105469,47.029998779296875,47.41999816894531,2233900
JEPQ,2023-10-19,39.24123764038086,46.880001068115234,47.43899917602539,46.78300094604492,47.34000015258789,1975500
JEPQ,2023-10-20,38.77248001098633,46.31999969482422,46.91999816894531,46.290000915527344,46.79999923706055,2185500
JEPQ,2023-10-23,38.91478729248047,46.4900016784668,46.900001525878906,45.93899917602539,46.220001220703125,2584600
JEPQ,2023-10-24,39.26633834838867,46.90999984741211,46.959999084472656,46.52000045776367,46.7400016784668,2286300
JEPQ,2023-10-25,38.437652587890625,45.91999816894531,46.70000076293945,45.84000015258789,46.70000076293945,3481900
JEPQ,2023-10-26,37.75127029418945,45.099998474121094,45.900001525878906,44.95000076293945,45.79999923706055,4184900
JEPQ,2023-10-27,37.968910217285156,45.36000061035156,45.77799987792969,45.19200134277344,45.56999969482422,3223000
JEPQ,2023-10-30,38.42091751098633,45.900001525878906,46.040000915527344,45.56999969482422,45.720001220703125,3754500
JEPQ,2023-10-31,38.6385498046875,46.15999984741211,46.20000076293945,45.619998931884766,45.91999816894531,2941100
JEPQ,2023-11-01,39.2703971862793,46.4900016784668,46.540000915527344,45.83599853515625,45.869998931884766,3274300
JEPQ,2023-11-02,39.81945037841797,47.13999938964844,47.16999816894531,46.83000183105469,46.97999954223633,2791800
JEPQ,2023-11-03,40.140445709228516,47.52000045776367,47.650001525878906,47.27000045776367,47.279998779296875,3021500
JEPQ,2023-11-06,40.33473205566406,47.75,47.7599983215332,47.529998779296875,47.630001068115234,2056100
JEPQ,2023-11-07,40.52056121826172,47.970001220703125,48.06999969482422,47.7400016784668,47.84000015258789,2623700
JEPQ,2023-11-08,40.64726257324219,48.119998931884766,48.15999984741211,47.91299819946289,48.11000061035156,2836700
JEPQ,2023-11-09,40.45298385620117,47.88999938964844,48.25,47.84000015258789,48.22999954223633,3206300
JEPQ,2023-11-10,40.97669982910156,48.5099983215332,48.529998779296875,48.0099983215332,48.09000015258789,2556000
JEPQ,2023-11-13,40.985145568847656,48.52000045776367,48.56999969482422,48.36000061035156,48.47999954223633,1950400
JEPQ,2023-11-14,41.28079605102539,48.869998931884766,49.0099983215332,48.779998779296875,49.0099983215332,3016700
JEPQ,2023-11-15,41.2639045715332,48.849998474121094,48.939998626708984,48.779998779296875,48.939998626708984,2787200
JEPQ,2023-11-16,41.33147430419922,48.93000030517578,48.939998626708984,48.779998779296875,48.849998474121094,1927300
JEPQ,2023-11-17,41.365264892578125,48.970001220703125,49.0099983215332,48.88999938964844,48.95000076293945,2357900
JEPQ,2023-11-20,41.49197006225586,49.119998931884766,49.13999938964844,48.9900016784668,49.0099983215332,2936200
JEPQ,2023-11-21,41.4750862121582,49.099998474121094,49.130001068115234,49.040000915527344,49.11000061035156,2243200
JEPQ,2023-11-22,41.601783752441406,49.25,49.34000015258789,49.16999816894531,49.220001220703125,2363400
JEPQ,2023-11-24,41.584896087646484,49.22999954223633,49.290000915527344,49.16999816894531,49.279998779296875,1052000
JEPQ,2023-11-27,41.618675231933594,49.27000045776367,49.349998474121094,49.209999084472656,49.279998779296875,2854600
JEPQ,2023-11-28,41.70314407348633,49.369998931884766,49.380001068115234,49.22999954223633,49.279998779296875,2569500
JEPQ,2023-11-29,41.66090393066406,49.31999969482422,49.529998779296875,49.29999923706055,49.4900016784668,5444000
JEPQ,2023-11-30,41.62712097167969,49.279998779296875,49.369998931884766,49.04999923706055,49.349998474121094,3393200
JEPQ,2023-12-01,41.66291427612305,48.900001525878906,49.0,48.650001525878906,48.880001068115234,3091700
JEPQ,2023-12-04,41.475467681884766,48.68000030517578,48.709999084472656,48.400001525878906,48.689998626708984,2323400
JEPQ,2023-12-05,41.5606689453125,48.779998779296875,48.849998474121094,48.52000045776367,48.56999969482422,1727300
JEPQ,2023-12-06,41.39878845214844,48.59000015258789,49.060001373291016,48.58000183105469,49.060001373291016,1935300
JEPQ,2023-12-07,41.84183120727539,49.11000061035156,49.13999938964844,48.81999969482422,48.869998931884766,2521300
JEPQ,2023-12-08,41.969635009765625,49.2599983215332,49.29999923706055,48.97999954223633,49.040000915527344,2263600
JEPQ,2023-12-11,42.1400260925293,49.459999084472656,49.474998474121094,49.20000076293945,49.279998779296875,2617000
JEPQ,2023-12-12,42.33599090576172,49.689998626708984,49.689998626708984,49.40999984741211,49.4900016784668,2232700
JEPQ,2023-12-13,42.55752182006836,49.95000076293945,49.97999954223633,49.72999954223633,49.75,2862200
JEPQ,2023-12-14,42.514915466308594,49.900001525878906,50.04999923706055,49.709999084472656,50.0099983215332,3574900
JEPQ,2023-12-15,42.60010528564453,50.0,50.040000915527344,49.900001525878906,50.0,2563200
JEPQ,2023-12-18,42.71087646484375,50.130001068115234,50.150001525878906,50.02000045776367,50.08000183105469,2805900
JEPQ,2023-12-19,42.74495315551758,50.16999816894531,50.189998626708984,50.11000061035156,50.189998626708984,2359000
JEPQ,2023-12-20,42.49787139892578,49.880001068115234,50.220001220703125,49.86000061035156,50.16999816894531,3184700
JEPQ,2023-12-21,42.719390869140625,50.13999938964844,50.18000030517578,49.959999084472656,50.130001068115234,2177300
JEPQ,2023-12-22,42.73643112182617,50.15999984741211,50.22999954223633,50.09000015258789,50.22999954223633,2421500
JEPQ,2023-12-26,42.8131103515625,50.25,50.279998779296875,50.209999084472656,50.22999954223633,2306300
JEPQ,2023-12-27,42.87276077270508,50.31999969482422,50.33000183105469,50.22999954223633,50.310001373291016,2515000
JEPQ,2023-12-28,42.58306884765625,49.97999954223633,50.09000015258789,49.959999084472656,50.09000015258789,2857600
JEPQ,2023-12-29,42.54047393798828,49.93000030517578,50.02000045776367,49.810001373291016,50.02000045776367,2273600
JEPQ,2024-01-02,42.2337532043457,49.56999969482422,49.779998779296875,49.4119987487793,49.779998779296875,3137400
JEPQ,2024-01-03,41.935546875,49.220001220703125,49.4119987487793,49.15999984741211,49.36000061035156,2316600
JEPQ,2024-01-04,41.7651481628418,49.02000045776367,49.349998474121094,49.0,49.06999969482422,2790100
JEPQ,2024-01-05,41.87590789794922,49.150001525878906,49.380001068115234,49.0,49.040000915527344,2796900
JEPQ,2024-01-08,42.514915466308594,49.900001525878906,49.90999984741211,49.2599983215332,49.27000045776367,2124500
JEPQ,2024-01-09,42.60862731933594,50.0099983215332,50.064998626708984,49.630001068115234,49.70000076293945,1954900
JEPQ,2024-01-10,42.889801025390625,50.34000015258789,50.400001525878906,50.040000915527344,50.060001373291016,2263400
JEPQ,2024-01-11,42.97499465942383,50.439998626708984,50.54999923706055,49.97999954223633,50.47999954223633,3065200
JEPQ,2024-01-12,43.01759338378906,50.4900016784668,50.5880012512207,50.349998474121094,50.5,1674600
JEPQ,2024-01-16,43.094276428222656,50.58000183105469,50.689998626708984,50.349998474121094,50.459999084472656,2417600
JEPQ,2024-01-17,42.90682601928711,50.36000061035156,50.38999938964844,49.939998626708984,50.33000183105469,2376400
JEPQ,2024-01-18,43.34986877441406,50.880001068115234,50.91999816894531,50.560001373291016,50.70000076293945,2927000
JEPQ,2024-01-19,43.784393310546875,51.38999938964844,51.400001525878906,50.9900016784668,51.08000183105469,3904500
JEPQ,2024-01-22,43.869598388671875,51.4900016784668,51.56999969482422,51.400001525878906,51.56999969482422,2710800
JEPQ,2024-01-23,43.9462776184082,51.58000183105469,51.599998474121094,51.41999816894531,51.58000183105469,2818100
JEPQ,2024-01-24,44.08259582519531,51.7400016784668,51.90999984741211,51.720001220703125,51.810001373291016,3522200
JEPQ,2024-01-25,44.13372039794922,51.79999923706055,51.900001525878906,51.68000030517578,51.88999938964844,2593200
JEPQ,2024-01-26,44.12520217895508,51.790000915527344,51.88999938964844,51.73500061035156,51.79999923706055,2579100
JEPQ,2024-01-29,44.34671401977539,52.04999923706055,52.060001373291016,51.84000015258789,51.880001068115234,2521900
JEPQ,2024-01-30,44.270042419433594,51.959999084472656,52.08000183105469,51.93000030517578,52.06999969482422,3211800
JEPQ,2024-01-31,43.81847381591797,51.43000030517578,51.84000015258789,51.41999816894531,51.76499938964844,3500500
JEPQ,2024-02-01,44.16326904296875,51.4900016784668,51.52000045776367,51.15999984741211,51.310001373291016,2599700
JEPQ,2024-02-02,44.54924011230469,51.939998626708984,52.0099983215332,51.62099838256836,51.709999084472656,3128100
JEPQ,2024-02-05,44.56639862060547,51.959999084472656,52.0099983215332,51.77000045776367,51.95000076293945,2854200
JEPQ,2024-02-06,44.506351470947266,51.88999938964844,52.06999969482422,51.77000045776367,52.04999923706055,2338300
JEPQ,2024-02-07,44.78939437866211,52.220001220703125,52.2599983215332,52.0,52.06999969482422,2610100
JEPQ,2024-02-08,44.85801315307617,52.29999923706055,52.33000183105469,52.220001220703125,52.27000045776367,2274500
JEPQ,2024-02-09,45.0209846496582,52.4900016784668,52.52000045776367,52.31999969482422,52.369998931884766,2397100
JEPQ,2024-02-12,44.93520736694336,52.38999938964844,52.54999923706055,52.369998931884766,52.529998779296875,2467700
JEPQ,2024-02-13,44.7036247253418,52.119998931884766,52.27000045776367,51.93000030517578,52.06999969482422,2403100
JEPQ,2024-02-14,45.02955627441406,52.5,52.52000045776367,52.18000030517578,52.400001525878906,2359800
JEPQ,2024-02-15,45.07244110107422,52.54999923706055,52.630001068115234,52.36000061035156,52.630001068115234,2189800
JEPQ,2024-02-16,44.87517166137695,52.31999969482422,52.65999984741211,52.290000915527344,52.65999984741211,2566900
JEPQ,2024-02-20,44.65216827392578,52.060001373291016,52.27899932861328,51.79499816894531,52.22999954223633,2612000
JEPQ,2024-02-21,44.523502349853516,51.90999984741211,51.92499923706055,51.55500030517578,51.91999816894531,3348000
JEPQ,2024-02-22,45.44124984741211,52.97999954223633,53.02000045776367,52.709999084472656,52.849998474121094,2917600
JEPQ,2024-02-23,45.44124984741211,52.97999954223633,53.11899948120117,52.84000015258789,53.11000061035156,2453300
JEPQ,2024-02-26,45.484134674072266,53.029998779296875,53.20000076293945,53.0,53.119998931884766,2795400
JEPQ,2024-02-27,45.56133270263672,53.119998931884766,53.220001220703125,52.95000076293945,53.220001220703125,2512800
JEPQ,2024-02-28,45.432682037353516,52.970001220703125,53.07500076293945,52.90999984741211,53.040000915527344,2707200
JEPQ,2024-02-29,45.707149505615234,53.290000915527344,53.380001068115234,53.02000045776367,53.27000045776367,3319000
JEPQ,2024-03-01,46.009490966796875,53.2599983215332,53.279998779296875,52.970001220703125,53.029998779296875,3232500
JEPQ,2024-03-04,45.974937438964844,53.220001220703125,53.34000015258789,53.209999084472656,53.2599983215332,3084400
JEPQ,2024-03-05,45.62075424194336,52.810001373291016,53.150001525878906,52.63999938964844,53.150001525878906,3619400
JEPQ,2024-03-06,45.86264419555664,53.09000015258789,53.25,52.94499969482422,53.25,2544700
JEPQ,2024-03-07,46.2254638671875,53.5099983215332,53.560001373291016,53.209999084472656,53.2400016784668,2320800
JEPQ,2024-03-08,45.94903564453125,53.189998626708984,53.744998931884766,53.10300064086914,53.63999938964844,3362600
JEPQ,2024-03-11,45.82808303833008,53.04999923706055,53.20000076293945,52.849998474121094,53.15999984741211,2538600
JEPQ,2024-03-12,46.31184768676758,53.61000061035156,53.64799880981445,53.0620002746582,53.29999923706055,2127100
JEPQ,2024-03-13,46.18226623535156,53.459999084472656,53.65999984741211,53.36000061035156,53.650001525878906,1886000
JEPQ,2024-03-14,46.13044357299805,53.400001525878906,53.630001068115234,53.150001525878906,53.61000061035156,1922900
JEPQ,2024-03-15,45.707149505615234,52.90999984741211,53.2599983215332,52.80500030517578,53.2599983215332,2212000
JEPQ,2024-03-18,46.06132125854492,53.31999969482422,53.53799819946289,53.29999923706055,53.33000183105469,2200700
JEPQ,2024-03-19,46.20819091796875,53.4900016784668,53.529998779296875,52.959999084472656,53.220001220703125,2273100
JEPQ,2024-03-20,46.58828353881836,53.93000030517578,53.95000076293945,53.45000076293945,53.58000183105469,2391600
JEPQ,2024-03-21,46.795616149902344,54.16999816894531,54.470001220703125,54.125,54.38999938964844,3054000
JEPQ,2024-03-22,46.873355865478516,54.2599983215332,54.310001373291016,54.10499954223633,54.209999084472656,1790700
JEPQ,2024-03-25,46.821533203125,54.20000076293945,54.310001373291016,54.06999969482422,54.22999954223633,2163900
JEPQ,2024-03-26,46.77833557128906,54.150001525878906,54.38999938964844,54.130001068115234,54.349998474121094,2333700
JEPQ,2024-03-27,46.8992805480957,54.290000915527344,54.38999938964844,54.03499984741211,54.36000061035156,2870200
JEPQ,2024-03-28,46.85608673095703,54.2400016784668,54.349998474121094,54.18000030517578,54.34000015258789,3607900
JEPQ,2024-04-01,46.95795440673828,53.93000030517578,54.099998474121094,53.7400016784668,54.08000183105469,3211100
JEPQ,2024-04-02,46.64449691772461,53.56999969482422,53.61000061035156,53.22999954223633,53.4900016784668,2438600
JEPQ,2024-04-03,46.740272521972656,53.68000030517578,53.88999938964844,53.349998474121094,53.380001068115234,3021400
JEPQ,2024-04-04,46.16559600830078,53.02000045776367,54.15999984741211,52.99399948120117,54.11000061035156,3125100
JEPQ,2024-04-05,46.66191482543945,53.59000015258789,53.83700180053711,53.165000915527344,53.2599983215332,2211000
JEPQ,2024-04-08,46.7315673828125,53.66999816894531,53.84000015258789,53.51499938964844,53.75,1630600
JEPQ,2024-04-09,46.836055755615234,53.790000915527344,53.90999984741211,53.279998779296875,53.88999938964844,2126000
JEPQ,2024-04-10,46.531307220458984,53.439998626708984,53.54499816894531,53.220001220703125,53.34000015258789,2622600
JEPQ,2024-04-11,47.114688873291016,54.11000061035156,54.16999816894531,53.400001525878906,53.70000076293945,2043000
JEPQ,2024-04-12,46.49647903442383,53.400001525878906,53.80500030517578,53.22999954223633,53.7400016784668,2978800
JEPQ,2024-04-15,45.80860137939453,52.61000061035156,53.79999923706055,52.0,53.650001525878906,5725900
JEPQ,2024-04-16,45.878257751464844,52.689998626708984,52.97999954223633,52.4900016784668,52.61000061035156,2218200
JEPQ,2024-04-17,45.37324523925781,52.11000061035156,52.91999816894531,52.0099983215332,52.900001525878906,2425300
JEPQ,2024-04-18,45.16427230834961,51.869998931884766,52.40999984741211,51.81999969482422,52.25,2318300
JEPQ,2024-04-19,44.267433166503906,50.84000015258789,51.76499938964844,50.650001525878906,51.7599983215332,6968000
JEPQ,2024-04-22,44.67666244506836,51.310001373291016,51.595001220703125,50.7400016784668,51.189998626708984,2795200
JEPQ,2024-04-23,45.364532470703125,52.099998474121094,52.209999084472656,51.540000915527344,51.599998474121094,3126700
JEPQ,2024-04-24,45.47772979736328,52.22999954223633,52.584999084472656,51.96099853515625,52.525001525878906,3012400
JEPQ,2024-04-25,45.22522735595703,51.939998626708984,52.07500076293945,51.209999084472656,51.459999084472656,2494700
JEPQ,2024-04-26,45.852142333984375,52.65999984741211,52.810001373291016,52.279998779296875,52.439998626708984,3636400
JEPQ,2024-04-29,46.043704986572266,52.880001068115234,52.97999954223633,52.59000015258789,52.939998626708984,3800800
JEPQ,2024-04-30,45.31229782104492,52.040000915527344,52.88999938964844,52.040000915527344,52.81999969482422,3280400
JEPQ,2024-05-01,45.05854797363281,51.31999969482422,52.209999084472656,51.189998626708984,51.5,3223600
JEPQ,2024-05-02,45.56779098510742,51.900001525878906,51.94499969482422,51.22999954223633,51.7599983215332,2330000
JEPQ,2024-05-03,46.3140869140625,52.75,52.790000915527344,52.474998474121094,52.52000045776367,2877000
JEPQ,2024-05-06,46.75307846069336,53.25,53.25,52.880001068115234,52.959999084472656,3691900
JEPQ,2024-05-07,46.76186752319336,53.2599983215332,53.3849983215332,53.19499969482422,53.2400016784668,2458600
JEPQ,2024-05-08,46.78820037841797,53.290000915527344,53.369998931884766,52.86000061035156,53.11000061035156,1843400
JEPQ,2024-05-09,46.858436584472656,53.369998931884766,53.400001525878906,53.16999816894531,53.36000061035156,1997700
JEPQ,2024-05-10,46.955020904541016,53.47999954223633,53.599998474121094,53.340999603271484,53.5,1756500
JEPQ,2024-05-13,46.99013900756836,53.52000045776367,53.630001068115234,53.40999984741211,53.630001068115234,1780200
JEPQ,2024-05-14,47.130615234375,53.68000030517578,53.720001220703125,53.45000076293945,53.47999954223633,1693500
JEPQ,2024-05-15,47.4905891418457,54.09000015258789,54.11000061035156,53.81999969482422,53.96500015258789,2591500
JEPQ,2024-05-16,47.47303771972656,54.06999969482422,54.18000030517578,54.060001373291016,54.150001525878906,2244200
JEPQ,2024-05-17,47.51693344116211,54.119998931884766,54.13999938964844,54.02000045776367,54.13999938964844,1911400
JEPQ,2024-05-20,47.6135139465332,54.22999954223633,54.2599983215332,54.150001525878906,54.189998626708984,2216500
JEPQ,2024-05-21,47.64863204956055,54.27000045776367,54.279998779296875,54.150001525878906,54.22999954223633,1974700
JEPQ,2024-05-22,47.595947265625,54.209999084472656,54.33000183105469,54.125,54.33000183105469,2526200
JEPQ,2024-05-23,47.595947265625,54.209999084472656,54.529998779296875,54.08000183105469,54.52000045776367,2792000
JEPQ,2024-05-24,47.74522018432617,54.380001068115234,54.40999984741211,54.20199966430664,54.31999969482422,2204500
JEPQ,2024-05-28,47.894474029541016,54.54999923706055,54.564998626708984,54.38100051879883,54.45000076293945,3074600
JEPQ,2024-05-29,47.81544876098633,54.459999084472656,54.54999923706055,54.380001068115234,54.435001373291016,3029300
JEPQ,2024-05-30,47.48181915283203,54.08000183105469,54.470001220703125,53.970001220703125,54.470001220703125,3482800
JEPQ,2024-05-31,47.578399658203125,54.189998626708984,54.209999084472656,53.25,54.209999084472656,4943900
JEPQ,2024-06-03,47.613800048828125,53.779998779296875,53.959999084472656,53.40999984741211,53.959999084472656,3392900
JEPQ,2024-06-04,47.693485260009766,53.869998931884766,53.95000076293945,53.64400100708008,53.689998626708984,1804300
JEPQ,2024-06-05,48.18042755126953,54.41999816894531,54.41999816894531,54.08000183105469,54.2400016784668,3711900
JEPQ,2024-06-06,48.21583938598633,54.459999084472656,54.51900100708008,54.369998931884766,54.5,2515500
JEPQ,2024-06-07,48.242401123046875,54.4900016784668,54.59000015258789,54.380001068115234,54.459999084472656,1826700
JEPQ,2024-06-10,48.339786529541016,54.599998474121094,54.6349983215332,54.40999984741211,54.459999084472656,2136000
JEPQ,2024-06-11,48.48143768310547,54.7599983215332,54.7599983215332,54.459999084472656,54.540000915527344,1887900
JEPQ,2024-06-12,48.74704360961914,55.060001373291016,55.14500045776367,54.95000076293945,55.08000183105469,3326000
JEPQ,2024-06-13,48.83557891845703,55.15999984741211,55.20000076293945,55.029998779296875,55.189998626708984,2151700
JEPQ,2024-06-14,48.85328674316406,55.18000030517578,55.18000030517578,55.09000015258789,55.099998474121094,1962100
JEPQ,2024-06-17,48.94181823730469,55.279998779296875,55.31700134277344,55.15999984741211,55.22999954223633,2979800
JEPQ,2024-06-18,48.986083984375,55.33000183105469,55.349998474121094,55.27000045776367,55.33000183105469,2431800
JEPQ,2024-06-20,48.88869857788086,55.220001220703125,55.439998626708984,55.11000061035156,55.439998626708984,2699200
JEPQ,2024-06-21,48.90640640258789,55.2400016784668,55.30699920654297,55.11000061035156,55.22999954223633,1995300
JEPQ,2024-06-24,48.74704360961914,55.060001373291016,55.27000045776367,55.04999923706055,55.2400016784668,2866800
JEPQ,2024-06-25,48.986083984375,55.33000183105469,55.34000015258789,55.099998474121094,55.209999084472656,2659700
JEPQ,2024-06-26,49.12773895263672,55.4900016784668,55.5,55.29499816894531,55.31999969482422,2947600
JEPQ,2024-06-27,49.18971633911133,55.560001373291016,55.6349983215332,55.44200134277344,55.5099983215332,3069000
JEPQ,2024-06-28,49.1365966796875,55.5,55.83700180053711,55.439998626708984,55.70000076293945,3608500
JEPQ,2024-07-01,49.25347137451172,55.209999084472656,55.25,54.82500076293945,55.150001525878906,3098600
JEPQ,2024-07-02,49.46757507324219,55.45000076293945,55.45000076293945,55.08000183105469,55.08000183105469,2990500
JEPQ,2024-07-03,49.63706970214844,55.63999938964844,55.650001525878906,55.439998626708984,55.459999084472656,3661000
JEPQ,2024-07-05,49.8511848449707,55.880001068115234,55.88999938964844,55.689998626708984,55.72999954223633,3941500
JEPQ,2024-07-08,49.922550201416016,55.959999084472656,55.97999954223633,55.86000061035156,55.90999984741211,2550200
JEPQ,2024-07-09,49.93147277832031,55.970001220703125,56.06999969482422,55.93000030517578,56.06999969482422,2887100
JEPQ,2024-07-10,50.056365966796875,56.11000061035156,56.119998931884766,56.0,56.08000183105469,2145400
JEPQ,2024-07-11,49.628150939941406,55.630001068115234,56.18000030517578,55.560001373291016,56.18000030517578,3380200
JEPQ,2024-07-12,49.815494537353516,55.84000015258789,56.08000183105469,55.66999816894531,55.72999954223633,2115700
JEPQ,2024-07-15,49.87794876098633,55.90999984741211,56.119998931884766,55.810001373291016,55.98500061035156,2387200
JEPQ,2024-07-16,49.91362380981445,55.95000076293945,56.04999923706055,55.790000915527344,55.97999954223633,3168400
JEPQ,2024-07-17,48.93230056762695,54.849998474121094,55.459999084472656,54.84000015258789,55.459999084472656,4465300
JEPQ,2024-07-18,48.6735954284668,54.560001373291016,55.16999816894531,54.27000045776367,55.15999984741211,5295300
JEPQ,2024-07-19,48.34351348876953,54.189998626708984,54.790000915527344,54.07099914550781,54.54999923706055,2341400
JEPQ,2024-07-22,49.02151870727539,54.95000076293945,55.029998779296875,54.4900016784668,54.709999084472656,2893700
JEPQ,2024-07-23,48.8876953125,54.79999923706055,55.15999984741211,54.75299835205078,54.90999984741211,2740400
JEPQ,2024-07-24,47.326499938964844,53.04999923706055,54.189998626708984,52.97999954223633,54.189998626708984,4561900
JEPQ,2024-07-25,46.8180046081543,52.47999954223633,53.529998779296875,52.18000030517578,53.119998931884766,4341800
JEPQ,2024-07-26,47.2462158203125,52.959999084472656,53.25,52.6510009765625,52.9900016784668,3234800
JEPQ,2024-07-29,47.308658599853516,53.029998779296875,53.470001220703125,52.81999969482422,53.209999084472656,2757000
JEPQ,2024-07-30,46.728797912597656,52.380001068115234,53.334999084472656,52.0,53.290000915527344,3849400
JEPQ,2024-07-31,47.92422103881836,53.720001220703125,53.900001525878906,53.2599983215332,53.36000061035156,3727300
JEPQ,2024-08-01,46.986289978027344,52.25,53.7400016784668,51.84000015258789,53.400001525878906,4166800
JEPQ,2024-08-02,45.98811340332031,51.13999938964844,51.619998931884766,50.630001068115234,51.13999938964844,9301600
JEPQ,2024-08-05,44.7111701965332,49.720001220703125,50.43000030517578,47.67100143432617,48.189998626708984,7877400
JEPQ,2024-08-06,45.133819580078125,50.189998626708984,50.986000061035156,49.58000183105469,49.9900016784668,3756100
JEPQ,2024-08-07,44.69318389892578,49.70000076293945,51.189998626708984,49.650001525878906,50.97999954223633,3850400
JEPQ,2024-08-08,45.844234466552734,50.97999954223633,51.06999969482422,49.880001068115234,50.349998474121094,2526900
JEPQ,2024-08-09,46.123008728027344,51.290000915527344,51.5,50.779998779296875,50.939998626708984,2439600
JEPQ,2024-08-12,46.212928771972656,51.38999938964844,51.68000030517578,51.130001068115234,51.435001373291016,2510000
JEPQ,2024-08-13,47.12118148803711,52.400001525878906,52.41999816894531,51.790000915527344,51.84000015258789,2605800
JEPQ,2024-08-14,47.22010040283203,52.5099983215332,52.67499923706055,52.11000061035156,52.560001373291016,2490100
JEPQ,2024-08-15,47.99345779418945,53.369998931884766,53.400001525878906,52.98099899291992,53.099998474121094,3163100
JEPQ,2024-08-16,48.06541061401367,53.45000076293945,53.529998779296875,53.220001220703125,53.25,1688800
JEPQ,2024-08-19,48.479061126708984,53.90999984741211,53.90999984741211,53.37300109863281,53.4900016784668,2560100
JEPQ,2024-08-20,48.443084716796875,53.869998931884766,54.0,53.7400016784668,53.88999938964844,1947100
JEPQ,2024-08-21,48.53302001953125,53.970001220703125,54.05500030517578,53.78499984741211,53.939998626708984,1706700
JEPQ,2024-08-22,48.11935806274414,53.5099983215332,54.10900115966797,53.459999084472656,54.09000015258789,2425300
JEPQ,2024-08-23,48.47007751464844,53.900001525878906,53.9900016784668,53.560001373291016,53.78499984741211,2187600
JEPQ,2024-08-26,48.34417724609375,53.7599983215332,54.029998779296875,53.599998474121094,53.9900016784668,2223200
JEPQ,2024-08-27,48.45208740234375,53.880001068115234,53.939998626708984,53.5,53.68000030517578,1584800
JEPQ,2024-08-28,48.14633560180664,53.540000915527344,53.88999938964844,53.27199935913086,53.88999938964844,3179300
JEPQ,2024-08-29,48.200286865234375,53.599998474121094,54.04499816894531,53.494998931884766,53.75,3267000
JEPQ,2024-08-30,48.63193893432617,54.08000183105469,54.08599853515625,53.63999938964844,53.900001525878906,2476700
JEPQ,2024-09-03,47.629730224609375,52.41999816894531,53.358001708984375,52.19499969482422,53.349998474121094,3482000
JEPQ,2024-09-04,47.56612777709961,52.349998474121094,52.654998779296875,52.07500076293945,52.189998626708984,2476900
JEPQ,2024-09-05,47.5933952331543,52.380001068115234,52.7400016784668,52.150001525878906,52.2599983215332,2394300
JEPQ,2024-09-06,46.666603088378906,51.36000061035156,52.45000076293945,51.279998779296875,52.400001525878906,4311500
JEPQ,2024-09-09,47.184513092041016,51.93000030517578,52.0,51.47200012207031,51.79999923706055,2128500
JEPQ,2024-09-10,47.54795455932617,52.33000183105469,52.375,51.7400016784668,52.16999816894531,2380500
JEPQ,2024-09-11,48.30210876464844,53.15999984741211,53.224998474121094,51.689998626708984,52.4900016784668,2319900
JEPQ,2024-09-12,48.64738464355469,53.540000915527344,53.61000061035156,53.0099983215332,53.22999954223633,3886500
JEPQ,2024-09-13,48.83819580078125,53.75,53.84000015258789,53.52000045776367,53.540000915527344,1945200
JEPQ,2024-09-16,48.738243103027344,53.63999938964844,53.66999816894531,53.36000061035156,53.66999816894531,1822200
JEPQ,2024-09-17,48.77458953857422,53.68000030517578,53.95500183105469,53.435001373291016,53.880001068115234,2258200
JEPQ,2024-09-18,48.67464828491211,53.56999969482422,54.04999923706055,53.505001068115234,53.83000183105469,2380800
JEPQ,2024-09-19,49.446964263916016,54.41999816894531,54.56700134277344,54.2140007019043,54.43000030517578,3209700
JEPQ,2024-09-20,49.43788528442383,54.40999984741211,54.474998474121094,54.130001068115234,54.40999984741211,1790000
JEPQ,2024-09-23,49.58325958251953,54.56999969482422,54.625,54.439998626708984,54.54999923706055,2206200
JEPQ,2024-09-24,49.71046447753906,54.709999084472656,54.74599838256836,54.34000015258789,54.654998779296875,2091500
JEPQ,2024-09-25,49.7286376953125,54.72999954223633,54.81999969482422,54.65999984741211,54.71500015258789,2187000
JEPQ,2024-09-26,49.87401580810547,54.88999938964844,55.099998474121094,54.69499969482422,55.09000015258789,3875300
JEPQ,2024-09-27,49.79224395751953,54.79999923706055,54.959999084472656,54.720001220703125,54.959999084472656,2702500
JEPQ,2024-09-30,49.910362243652344,54.93000030517578,54.939998626708984,54.6150016784668,54.83000183105469,3942500
JEPQ,2024-10-01,49.51660919189453,53.95000076293945,54.38999938964844,53.68000030517578,54.380001068115234,4477200
JEPQ,2024-10-02,49.571685791015625,54.0099983215332,54.1150016784668,53.689998626708984,53.90999984741211,2889000
JEPQ,2024-10-03,49.50743103027344,53.939998626708984,54.13999938964844,53.78499984741211,53.90999984741211,3113200
JEPQ,2024-10-04,49.902103424072266,54.369998931884766,54.400001525878906,54.04499816894531,54.38999938964844,2194400
JEPQ,2024-10-07,49.6542854309082,54.099998474121094,54.41999816894531,54.025001525878906,54.38999938964844,3206300
JEPQ,2024-10-08,50.048954010009766,54.529998779296875,54.57500076293945,54.26499938964844,54.310001373291016,2284700
JEPQ,2024-10-09,50.25087356567383,54.75,54.77000045776367,54.48500061035156,54.58000183105469,2404200
JEPQ,2024-10-10,50.260047912597656,54.7599983215332,54.84000015258789,54.61000061035156,54.689998626708984,1894800
JEPQ,2024-10-11,50.35183334350586,54.86000061035156,54.91699981689453,54.70000076293945,54.70000076293945,2335600
JEPQ,2024-10-14,50.56293869018555,55.09000015258789,55.14500045776367,55.01100158691406,55.02000045776367,3335600
JEPQ,2024-10-15,50.33348083496094,54.84000015258789,55.189998626708984,54.73500061035156,55.189998626708984,2902100
JEPQ,2024-10-16,50.39772415161133,54.90999984741211,54.95000076293945,54.65999984741211,54.93000030517578,2564600
JEPQ,2024-10-17,50.471153259277344,54.9900016784668,55.2400016784668,54.95000076293945,55.2400016784668,2435100
JEPQ,2024-10-18,50.72814178466797,55.27000045776367,55.314998626708984,55.13999938964844,55.189998626708984,1913500
JEPQ,2024-10-21,50.81074142456055,55.36000061035156,55.369998931884766,55.095001220703125,55.290000915527344,3388500
JEPQ,2024-10-22,50.874996185302734,55.43000030517578,55.47999954223633,55.16999816894531,55.22999954223633,2259600
JEPQ,2024-10-23,50.40690231323242,54.91999816894531,55.31999969482422,54.61000061035156,55.31999969482422,4314300
JEPQ,2024-10-24,50.70978546142578,55.25,55.290000915527344,54.994998931884766,55.279998779296875,2159900
JEPQ,2024-10-25,50.84746551513672,55.400001525878906,55.7400016784668,55.334999084472656,55.45000076293945,2666100
JEPQ,2024-10-28,50.91170883178711,55.470001220703125,55.720001220703125,55.45000076293945,55.709999084472656,3438300
JEPQ,2024-10-29,51.20541000366211,55.790000915527344,55.849998474121094,55.369998931884766,55.5,3109000
JEPQ,2024-10-30,51.040199279785156,55.61000061035156,55.86000061035156,55.560001373291016,55.86000061035156,4438500
JEPQ,2024-10-31,50.0948486328125,54.58000183105469,55.43000030517578,54.56999969482422,55.41999816894531,6226900
JEPQ,2024-11-01,50.42272186279297,54.439998626708984,54.720001220703125,54.209999084472656,54.31999969482422,3437900
JEPQ,2024-11-04,50.339359283447266,54.349998474121094,54.64500045776367,54.16999816894531,54.380001068115234,2829000
JEPQ,2024-11-05,50.876556396484375,54.93000030517578,54.939998626708984,54.439998626708984,54.459999084472656,2775900
JEPQ,2024-11-06,51.83054733276367,55.959999084472656,56.02000045776367,55.560001373291016,55.63999938964844,5356700
JEPQ,2024-11-07,52.265869140625,56.43000030517578,56.45000076293945,56.130001068115234,56.130001068115234,3538100
JEPQ,2024-11-08,52.36775588989258,56.540000915527344,56.599998474121094,56.40999984741211,56.40999984741211,3030700
JEPQ,2024-11-11,52.38628387451172,56.560001373291016,56.63199996948242,56.43000030517578,56.619998931884766,3161200
JEPQ,2024-11-12,52.46036911010742,56.63999938964844,56.66999816894531,56.47999954223633,56.599998474121094,3156800
JEPQ,2024-11-13,52.46963882446289,56.650001525878906,56.779998779296875,56.52000045776367,56.70500183105469,3596500
JEPQ,2024-11-14,52.358497619628906,56.529998779296875,56.72999954223633,56.470001220703125,56.689998626708984,2356300
JEPQ,2024-11-15,51.50638198852539,55.61000061035156,56.27000045776367,55.41999816894531,56.27000045776367,6316300
JEPQ,2024-11-18,51.8212890625,55.95000076293945,56.119998931884766,55.630001068115234,55.83000183105469,3122000
JEPQ,2024-11-19,52.099159240722656,56.25,56.29499816894531,55.68000030517578,55.720001220703125,2965300
JEPQ,2024-11-20,52.06210708618164,56.209999084472656,56.290000915527344,55.63999938964844,56.290000915527344,3112000
JEPQ,2024-11-21,52.30292510986328,56.470001220703125,56.54999923706055,55.79999923706055,56.470001220703125,3229800
JEPQ,2024-11-22,52.39553451538086,56.56999969482422,56.61000061035156,56.33000183105469,56.470001220703125,2981300
JEPQ,2024-11-25,52.506683349609375,56.689998626708984,57.040000915527344,56.529998779296875,56.959999084472656,3582000
JEPQ,2024-11-26,52.76602554321289,56.970001220703125,57.0099983215332,56.834999084472656,56.95000076293945,3628900
JEPQ,2024-11-27,52.49742126464844,56.68000030517578,56.97999954223633,56.380001068115234,56.97999954223633,4384200
JEPQ,2024-11-29,52.877166748046875,57.09000015258789,57.130001068115234,56.709999084472656,56.849998474121094,3304000
JEPQ,2024-12-02,53.23976516723633,56.970001220703125,57.0,56.66999816894531,56.68000030517578,3849400
JEPQ,2024-12-03,53.37994384765625,57.119998931884766,57.130001068115234,56.849998474121094,56.91999816894531,3109400
JEPQ,2024-12-04,53.72571563720703,57.4900016784668,57.4900016784668,57.30099868774414,57.38999938964844,4010600
JEPQ,2024-12-05,53.66029739379883,57.41999816894531,57.540000915527344,57.380001068115234,57.540000915527344,3298900
JEPQ,2024-12-06,53.84720230102539,57.619998931884766,57.650001525878906,57.459999084472656,57.5099983215332,3077900
JEPQ,2024-12-09,53.68833541870117,57.45000076293945,57.630001068115234,57.38999938964844,57.625,3693600
JEPQ,2024-12-10,53.64160919189453,57.400001525878906,57.630001068115234,57.33000183105469,57.560001373291016,2838900
JEPQ,2024-12-11,54.09018325805664,57.880001068115234,57.91999816894531,57.63999938964844,57.63999938964844,3912800
JEPQ,2024-12-12,53.94065856933594,57.720001220703125,57.84000015258789,57.70000076293945,57.827999114990234,2907100
JEPQ,2024-12-13,54.06214141845703,57.849998474121094,57.9900016784668,57.709999084472656,57.93000030517578,3346200
JEPQ,2024-12-16,54.25839614868164,58.060001373291016,58.06999969482422,57.90999984741211,58.0,3751800
JEPQ,2024-12-17,54.1929817199707,57.9900016784668,58.025001525878906,57.900001525878906,58.02000045776367,3181200
JEPQ,2024-12-18,53.11827850341797,56.84000015258789,58.06999969482422,56.75,58.029998779296875,6793000
JEPQ,2024-12-19,53.08089065551758,56.79999923706055,57.33000183105469,56.77000045776367,57.275001525878906,7638800
JEPQ,2024-12-20,53.45470428466797,57.20000076293945,57.54999923706055,56.36000061035156,56.529998779296875,5512400
JEPQ,2024-12-23,53.8939323425293,57.66999816894531,57.678001403808594,57.1150016784668,57.369998931884766,4364200
JEPQ,2024-12-24,54.34250259399414,58.150001525878906,58.150001525878906,57.77000045776367,57.904998779296875,3269600
JEPQ,2024-12-26,54.32381057739258,58.130001068115234,58.209999084472656,57.90999984741211,58.09000015258789,3570700
JEPQ,2024-12-27,53.959346771240234,57.7400016784668,58.02000045776367,57.35499954223633,58.02000045776367,4648200
JEPQ,2024-12-30,53.48274230957031,57.22999954223633,57.54999923706055,56.86000061035156,57.29999923706055,5371600
JEPQ,2024-12-31,53.11157989501953,56.380001068115234,56.959999084472656,56.279998779296875,56.959999084472656,4666300
JEPQ,2025-01-02,53.01737976074219,56.279998779296875,56.88999938964844,55.81999969482422,56.720001220703125,4732600
JEPQ,2025-01-03,53.770999908447266,57.08000183105469,57.150001525878906,56.51300048828125,56.54999923706055,5048200
JEPQ,2025-01-06,54.27027893066406,57.61000061035156,57.86000061035156,57.400001525878906,57.560001373291016,5471600
JEPQ,2025-01-07,53.48838806152344,56.779998779296875,57.77000045776367,56.59000015258789,57.77000045776367,5366800
JEPQ,2025-01-08,53.52607345581055,56.81999969482422,56.939998626708984,56.375,56.79999923706055,3792200
JEPQ,2025-01-10,52.734764099121094,55.97999954223633,56.52000045776367,55.66400146484375,56.5099983215332,6629400
JEPQ,2025-01-13,52.593467712402344,55.83000183105469,55.86800003051758,55.220001220703125,55.40999984741211,5184500
JEPQ,2025-01-14,52.52751922607422,55.7599983215332,56.25600051879883,55.40999984741211,56.18000030517578,3530900
JEPQ,2025-01-15,53.5543327331543,56.849998474121094,56.939998626708984,56.38100051879883,56.54999923706055,4975500
JEPQ,2025-01-16,53.29998779296875,56.58000183105469,57.099998474121094,56.57500076293945,57.08000183105469,3125900
JEPQ,2025-01-17,53.949981689453125,57.27000045776367,57.38999938964844,57.040000915527344,57.290000915527344,6088900
JEPQ,2025-01-21,54.223175048828125,57.560001373291016,57.630001068115234,57.13999938964844,57.59000015258789,5379200
JEPQ,2025-01-22,54.703609466552734,58.06999969482422,58.16999816894531,57.93000030517578,57.9900016784668,4798900
JEPQ,2025-01-23,54.86375427246094,58.2400016784668,58.2400016784668,57.88999938964844,57.970001220703125,3714200
JEPQ,2025-01-24,54.703609466552734,58.06999969482422,58.310001373291016,57.94499969482422,58.29999923706055,4246800
JEPQ,2025-01-27,53.56375503540039,56.86000061035156,57.470001220703125,56.5099983215332,57.0,9503700
JEPQ,2025-01-28,54.185489654541016,57.52000045776367,57.5989990234375,56.650001525878906,57.02000045776367,5137100
JEPQ,2025-01-29,54.044193267822266,57.369998931884766,57.560001373291016,57.04499816894531,57.560001373291016,5421200
JEPQ,2025-01-30,54.185489654541016,57.52000045776367,57.709999084472656,57.125,57.599998474121094,5017500
JEPQ,2025-01-31,54.13839340209961,57.470001220703125,58.060001373291016,57.380001068115234,57.849998474121094,6894500
JEPQ,2025-02-03,53.758602142333984,56.619998931884766,56.84700012207031,55.96500015258789,56.220001220703125,7592200
JEPQ,2025-02-04,54.24283218383789,57.130001068115234,57.165000915527344,56.61000061035156,56.709999084472656,4178700
JEPQ,2025-02-05,54.46120834350586,57.36000061035156,57.36000061035156,56.880001068115234,57.040000915527344,4129300
JEPQ,2025-02-06,54.67958068847656,57.59000015258789,57.61000061035156,57.33000183105469,57.42499923706055,3780900
JEPQ,2025-02-07,54.27606201171875,57.165000915527344,57.810001373291016,57.11000061035156,57.66999816894531,4717600
JEPQ,2025-02-10,54.79351806640625,57.709999084472656,57.75,57.505001068115234,57.54999923706055,4122600
JEPQ,2025-02-11,54.72705841064453,57.63999938964844,57.75,57.459999084472656,57.529998779296875,4644400
JEPQ,2025-02-12,54.72705841064453,57.63999938964844,57.70000076293945,57.17399978637695,57.2599983215332,4528800
JEPQ,2025-02-13,55.173301696777344,58.11000061035156,58.130001068115234,57.70000076293945,57.79999923706055,4682000
JEPQ,2025-02-14,55.325218200683594,58.27000045776367,58.29999923706055,58.09000015258789,58.14500045776367,3647400
JEPQ,2025-02-18,55.429656982421875,58.380001068115234,58.470001220703125,58.202999114990234,58.470001220703125,4250700
JEPQ,2025-02-19,55.55309295654297,58.5099983215332,58.529998779296875,58.25,58.38999938964844,4575400
JEPQ,2025-02-20,55.44865417480469,58.400001525878906,58.52000045776367,58.05500030517578,58.5099983215332,3990000
JEPQ,2025-02-21,54.66059494018555,57.56999969482422,58.540000915527344,57.47999954223633,58.540000915527344,6012300
JEPQ,2025-02-24,54.12889099121094,57.0099983215332,57.869998931884766,56.97999954223633,57.79999923706055,6231000
JEPQ,2025-02-25,53.54022979736328,56.38999938964844,56.97999954223633,55.959999084472656,56.97999954223633,7899700
JEPQ,2025-02-26,53.692138671875,56.54999923706055,57.040000915527344,56.2400016784668,56.64500045776367,5848000
JEPQ,2025-02-27,52.34390640258789,55.130001068115234,57.0,55.11000061035156,56.95000076293945,8444000
JEPQ,2025-02-28,53.150943756103516,55.97999954223633,56.040000915527344,54.790000915527344,55.189998626708984,7271700
JEPQ,2025-03-03,52.080230712890625,54.380001068115234,55.9900016784668,54.0,55.939998626708984,9146000
JEPQ,2025-03-04,51.869529724121094,54.15999984741211,54.9900016784668,53.34000015258789,54.0,9877800
JEPQ,2025-03-05,52.511199951171875,54.83000183105469,54.970001220703125,53.75,54.25,7918100
JEPQ,2025-03-06,51.14167404174805,53.400001525878906,54.43899917602539,53.185001373291016,54.02000045776367,7323500
JEPQ,2025-03-07,51.48644256591797,53.7599983215332,53.904998779296875,52.619998931884766,53.34000015258789,6584700
JEPQ,2025-03-10,49.714683532714844,51.90999984741211,52.94499969482422,51.400001525878906,52.94499969482422,11139000
JEPQ,2025-03-11,49.59018325805664,51.779998779296875,52.470001220703125,51.2599983215332,51.849998474121094,6905600
JEPQ,2025-03-12,50.136077880859375,52.349998474121094,52.72100067138672,51.79999923706055,52.56999969482422,5241800
JEPQ,2025-03-13,49.274139404296875,51.45000076293945,52.279998779296875,51.28499984741211,52.25,6146500
JEPQ,2025-03-14,50.38508224487305,52.61000061035156,52.70000076293945,51.95500183105469,52.040000915527344,5297100
JEPQ,2025-03-17,50.64366149902344,52.880001068115234,53.209999084472656,52.45000076293945,52.66999816894531,5144300
JEPQ,2025-03-18,49.94453811645508,52.150001525878906,52.630001068115234,51.90999984741211,52.619998931884766,5245900
JEPQ,2025-03-19,50.509586334228516,52.7400016784668,53.15999984741211,52.15999984741211,52.369998931884766,5126900
JEPQ,2025-03-20,50.42338943481445,52.650001525878906,53.1349983215332,52.340999603271484,52.45000076293945,4387100
JEPQ,2025-03-21,50.567047119140625,52.79999923706055,52.849998474121094,52.04999923706055,52.18000030517578,4556500
JEPQ,2025-03-24,51.48644256591797,53.7599983215332,53.83000183105469,53.43000030517578,53.529998779296875,5405900
JEPQ,2025-03-25,51.72587585449219,54.0099983215332,54.13999938964844,53.7599983215332,53.900001525878906,4930200
JEPQ,2025-03-26,50.96928405761719,53.220001220703125,53.970001220703125,53.04999923706055,53.970001220703125,4687500
JEPQ,2025-03-27,50.739437103271484,52.97999954223633,53.39500045776367,52.83000183105469,53.05500030517578,4384100
JEPQ,2025-03-28,49.61891555786133,51.810001373291016,52.86000061035156,51.70000076293945,52.79999923706055,7299300
JEPQ,2025-03-31,49.59018325805664,51.779998779296875,51.880001068115234,50.56999969482422,51.08000183105469,8193500
JEPQ,2025-04-01,49.94924545288086,51.61000061035156,51.68000030517578,50.78499984741211,51.10499954223633,5752900
JEPQ,2025-04-02,50.220237731933594,51.88999938964844,52.224998474121094,50.95000076293945,51.0,5950700
JEPQ,2025-04-03,47.761966705322266,49.349998474121094,50.33000183105469,49.290000915527344,50.125,15606200
JEPQ,2025-04-04,45.100460052490234,46.599998474121094,48.29999923706055,46.529998779296875,48.0,22360000
JEPQ,2025-04-07,45.20692443847656,46.709999084472656,48.58000183105469,44.31100082397461,44.88999938964844,19670100
JEPQ,2025-04-08,44.40363311767578,45.880001068115234,48.65999984741211,45.150001525878906,48.040000915527344,14939700
JEPQ,2025-04-09,49.05884552001953,50.689998626708984,50.86000061035156,45.66999816894531,45.86000061035156,16189300
JEPQ,2025-04-10,47.28773880004883,48.86000061035156,49.689998626708984,47.439998626708984,49.54999923706055,14714900
JEPQ,2025-04-11,47.945858001708984,49.540000915527344,49.650001525878906,48.34000015258789,48.7400016784668,7327600
JEPQ,2025-04-14,48.323307037353516,49.93000030517578,50.599998474121094,49.45000076293945,50.58000183105469,6402500
JEPQ,2025-04-15,48.4104118347168,50.02000045776367,50.38999938964844,49.86000061035156,50.05500030517578,5875000
JEPQ,2025-04-16,47.190956115722656,48.7599983215332,49.55500030517578,48.12099838256836,49.25,6261500
JEPQ,2025-04-17,47.17159652709961,48.7400016784668,49.05500030517578,48.470001220703125,49.040000915527344,4221400
JEPQ,2025-04-21,46.1553840637207,47.689998626708984,48.25,47.13999938964844,48.209999084472656,6753500
JEPQ,2025-04-22,47.20063400268555,48.77000045776367,49.02000045776367,48.130001068115234,48.279998779296875,6086100
JEPQ,2025-04-23,48.04263687133789,49.63999938964844,50.34000015258789,49.4900016784668,50.07500076293945,7851400
JEPQ,2025-04-24,49.00078201293945,50.630001068115234,50.650001525878906,49.79999923706055,49.83000183105469,6181800
JEPQ,2025-04-25,49.44597625732422,51.09000015258789,51.11000061035156,50.54999923706055,50.709999084472656,5279600
JEPQ,2025-04-28,49.46533966064453,51.11000061035156,51.279998779296875,50.665000915527344,51.185001373291016,5794000
JEPQ,2025-04-29,49.668575286865234,51.31999969482422,51.380001068115234,50.93000030517578,51.0,9588800
JEPQ,2025-04-30,49.68793487548828,51.34000015258789,51.4900016784668,50.472999572753906,50.750999450683594,8104500
JEPQ,2025-05-01,50.01891326904297,51.08000183105469,51.29999923706055,51.02000045776367,51.16999816894531,6424300
JEPQ,2025-05-02,50.42039489746094,51.4900016784668,51.59000015258789,51.28499984741211,51.42499923706055,5762900
JEPQ,2025-05-05,50.400814056396484,51.470001220703125,51.599998474121094,51.310001373291016,51.33000183105469,5266700
JEPQ,2025-05-06,50.22454833984375,51.290000915527344,51.47999954223633,51.119998931884766,51.20000076293945,3998000
JEPQ,2025-05-07,50.391014099121094,51.459999084472656,51.560001373291016,51.06999969482422,51.415000915527344,4507000
JEPQ,2025-05-08,50.537899017333984,51.61000061035156,51.810001373291016,51.465999603271484,51.810001373291016,6473000
JEPQ,2025-05-09,50.55748748779297,51.630001068115234,51.766998291015625,51.54999923706055,51.724998474121094,5450500
JEPQ,2025-05-12,51.14501953125,52.22999954223633,52.470001220703125,52.08000183105469,52.470001220703125,9144900
JEPQ,2025-05-13,51.26252746582031,52.349998474121094,52.400001525878906,52.27000045776367,52.36000061035156,8437300
JEPQ,2025-05-14,51.33107376098633,52.41999816894531,52.45000076293945,52.349998474121094,52.45000076293945,7904200
JEPQ,2025-05-15,51.34086608886719,52.43000030517578,52.470001220703125,52.29999923706055,52.3849983215332,4170900
JEPQ,2025-05-16,51.42899703979492,52.52000045776367,52.529998779296875,52.38999938964844,52.52000045776367,4497700
JEPQ,2025-05-19,51.43878936767578,52.529998779296875,52.540000915527344,52.27000045776367,52.279998779296875,4067800
JEPQ,2025-05-20,51.39962387084961,52.4900016784668,52.540000915527344,52.369998931884766,52.5,4218100
JEPQ,2025-05-21,51.07647705078125,52.15999984741211,52.540000915527344,52.08000183105469,52.380001068115234,5573100
JEPQ,2025-05-22,51.14501953125,52.22999954223633,52.375,52.13999938964844,52.22999954223633,7655900
JEPQ,2025-05-23,50.95896911621094,52.040000915527344,52.165000915527344,51.709999084472656,51.849998474121094,5917000
JEPQ,2025-05-27,51.526920318603516,52.619998931884766,52.63999938964844,52.349998474121094,52.45000076293945,6359900
JEPQ,2025-05-28,51.47795867919922,52.56999969482422,52.77799987792969,52.54999923706055,52.75,7291400
JEPQ,2025-05-29,51.58567428588867,52.68000030517578,52.970001220703125,52.52000045776367,52.95000076293945,7761300
JEPQ,2025-05-30,51.536712646484375,52.630001068115234,52.70000076293945,52.189998626708984,52.689998626708984,9798100
JEPQ,2025-06-02,51.75570297241211,52.22999954223633,52.23500061035156,51.81999969482422,51.95000076293945,5749800
JEPQ,2025-06-03,51.94397735595703,52.41999816894531,52.47999954223633,52.20000076293945,52.20000076293945,5101700
JEPQ,2025-06-04,52.052978515625,52.529998779296875,52.56999969482422,52.36000061035156,52.46500015258789,6301000
JEPQ,2025-06-05,51.864707946777344,52.34000015258789,52.7599983215332,52.189998626708984,52.599998474121094,10307100
JEPQ,2025-06-06,52.221439361572266,52.70000076293945,52.768001556396484,52.59000015258789,52.599998474121094,6835700
JEPQ,2025-06-09,52.32052993774414,52.79999923706055,52.869998931884766,52.68000030517578,52.75,8015300
JEPQ,2025-06-10,52.50880432128906,52.9900016784668,53.02000045776367,52.70500183105469,52.83000183105469,5259400
JEPQ,2025-06-11,52.43943786621094,52.91999816894531,53.130001068115234,52.7599983215332,53.10499954223633,5023900
JEPQ,2025-06-12,52.558349609375,53.040000915527344,53.060001373291016,52.81999969482422,52.86000061035156,4119000
JEPQ,2025-06-13,52.1124382019043,52.59000015258789,52.939998626708984,52.4900016784668,52.650001525878906,6582400
JEPQ,2025-06-16,52.66735076904297,53.150001525878906,53.18000030517578,52.83000183105469,52.84000015258789,4254600
JEPQ,2025-06-17,52.30070877075195,52.779998779296875,53.119998931884766,52.70500183105469,53.0099983215332,4896700
JEPQ,2025-06-18,52.37007522583008,52.849998474121094,53.117000579833984,52.7599983215332,52.900001525878906,4471100
JEPQ,2025-06-20,52.2709846496582,52.75,53.19499969482422,52.599998474121094,53.07500076293945,5312300
JEPQ,2025-06-23,52.736717224121094,53.220001220703125,53.25,52.564998626708984,52.80500030517578,5767200
JEPQ,2025-06-24,53.27180862426758,53.7599983215332,53.78499984741211,53.54999923706055,53.66999816894531,5373500
JEPQ,2025-06-25,53.41054153442383,53.900001525878906,53.970001220703125,53.790000915527344,53.95000076293945,5886200
JEPQ,2025-06-26,53.63845443725586,54.130001068115234,54.189998626708984,53.91999816894531,54.060001373291016,7596300
JEPQ,2025-06-27,53.77717971801758,54.27000045776367,54.29999923706055,54.06999969482422,54.220001220703125,8431100
JEPQ,2025-06-30,53.906002044677734,54.400001525878906,54.47999954223633,54.310001373291016,54.47999954223633,11398600
JEPQ,2025-07-01,53.810001373291016,53.810001373291016,53.88999938964844,53.632999420166016,53.869998931884766,7421200
JEPQ,2025-07-02,53.97999954223633,53.97999954223633,53.97999954223633,53.75,53.77000045776367,6204800
JEPQ,2025-07-03,54.15999984741211,54.15999984741211,54.189998626708984,54.06999969482422,54.130001068115234,5122400
