etf_id,date,adj_close,close,high,low,open,volume
VNGDF,2015-08-21,38.0,38.0,38.0,38.0,38.0,1484
VNGDF,2015-08-26,36.0,36.0,36.0,36.0,36.0,62090
VNGDF,2015-09-17,37.5,37.5,37.5,37.5,37.5,34200
VNGDF,2015-09-18,37.0,37.0,37.0,37.0,37.0,1958
VNGDF,2015-10-01,36.70000076293945,36.70000076293945,36.70000076293945,36.70000076293945,36.70000076293945,895
VNGDF,2015-10-22,38.97999954223633,38.97999954223633,38.97999954223633,38.97999954223633,38.97999954223633,150
VNGDF,2015-12-28,38.75,38.75,38.75,38.75,38.75,169
VNGDF,2016-01-04,37.810001373291016,37.810001373291016,38.16999816894531,37.810001373291016,38.16999816894531,3436
VNGDF,2016-01-08,37.25,37.25,37.25,37.25,37.25,500
VNGDF,2016-01-19,35.47999954223633,35.47999954223633,35.47999954223633,35.47999954223633,35.47999954223633,44014
VNGDF,2016-01-22,36.18000030517578,36.18000030517578,36.18000030517578,36.18000030517578,36.18000030517578,3744
VNGDF,2016-01-28,35.900001525878906,35.900001525878906,35.900001525878906,35.900001525878906,35.900001525878906,325
VNGDF,2016-02-03,36.0,36.0,36.0,36.0,36.0,5385
VNGDF,2016-02-05,36.43000030517578,36.43000030517578,36.43000030517578,36.43000030517578,36.43000030517578,1000
VNGDF,2016-02-11,34.93000030517578,34.93000030517578,34.93000030517578,34.93000030517578,34.93000030517578,325
VNGDF,2016-02-16,35.70000076293945,35.70000076293945,35.70000076293945,35.70000076293945,35.70000076293945,1047
VNGDF,2016-03-29,38.5,38.5,38.5,38.5,38.5,3775
VNGDF,2016-04-05,39.16999816894531,39.16999816894531,39.16999816894531,39.16999816894531,39.16999816894531,545
VNGDF,2016-05-12,39.599998474121094,39.599998474121094,39.599998474121094,39.599998474121094,39.599998474121094,251
VNGDF,2016-05-17,39.25,39.25,39.25,39.25,39.25,160
VNGDF,2016-05-18,39.04999923706055,39.04999923706055,39.04999923706055,39.04999923706055,39.04999923706055,1915
VNGDF,2016-05-24,39.400001525878906,39.400001525878906,39.400001525878906,39.400001525878906,39.400001525878906,9345
VNGDF,2016-06-09,40.5,40.5,40.5,40.5,40.5,245
VNGDF,2016-06-22,39.70000076293945,39.70000076293945,39.70000076293945,39.70000076293945,39.70000076293945,757
VNGDF,2016-06-24,39.70000076293945,39.70000076293945,39.70000076293945,39.70000076293945,39.70000076293945,6713
VNGDF,2016-06-27,38.02000045776367,38.02000045776367,38.25,37.5,38.099998474121094,8874
VNGDF,2016-07-01,40.29999923706055,40.29999923706055,40.29999923706055,40.29999923706055,40.29999923706055,520
VNGDF,2016-07-08,40.75,40.75,40.75,40.75,40.75,246
VNGDF,2016-07-15,40.83000183105469,40.83000183105469,41.11000061035156,40.79999923706055,41.0,27089
VNGDF,2016-07-18,41.099998474121094,41.099998474121094,41.099998474121094,41.099998474121094,41.099998474121094,9541
VNGDF,2016-08-11,41.5,41.5,41.75,41.5,41.75,2348
VNGDF,2016-08-12,41.54140090942383,41.54140090942383,41.54140090942383,41.54140090942383,41.54140090942383,20120
VNGDF,2016-08-16,41.50849914550781,41.50849914550781,41.50849914550781,41.50849914550781,41.50849914550781,1259
VNGDF,2016-08-19,41.20000076293945,41.20000076293945,41.20000076293945,41.20000076293945,41.20000076293945,500
VNGDF,2016-08-23,41.70000076293945,41.70000076293945,41.70000076293945,41.70000076293945,41.70000076293945,224
VNGDF,2016-08-25,41.599998474121094,41.599998474121094,41.599998474121094,41.599998474121094,41.599998474121094,150
VNGDF,2016-09-08,41.70000076293945,41.70000076293945,41.70000076293945,41.70000076293945,41.70000076293945,12000
VNGDF,2016-09-16,40.900001525878906,40.900001525878906,40.900001525878906,40.900001525878906,40.900001525878906,1000
VNGDF,2016-09-19,40.75,40.75,40.75,40.75,40.75,4000
VNGDF,2016-09-23,40.900001525878906,40.900001525878906,40.900001525878906,40.900001525878906,40.900001525878906,951
VNGDF,2016-09-27,40.5,40.5,41.099998474121094,40.5,40.5,1500
VNGDF,2016-10-03,40.75,40.75,40.75,40.75,40.75,338
VNGDF,2016-10-11,40.25,40.25,40.25,40.25,40.25,4049
VNGDF,2016-10-13,40.0,40.0,40.0,40.0,40.0,423
VNGDF,2016-10-24,41.099998474121094,41.099998474121094,41.099998474121094,41.099998474121094,41.099998474121094,1960
VNGDF,2016-11-09,40.79999923706055,40.79999923706055,40.79999923706055,40.79999923706055,40.79999923706055,2770
VNGDF,2016-11-10,41.25,41.25,41.25,41.25,41.25,1000
VNGDF,2016-11-11,41.0,41.0,41.04999923706055,41.0,41.04999923706055,5318
VNGDF,2016-11-16,41.150001525878906,41.150001525878906,41.150001525878906,41.150001525878906,41.150001525878906,525
VNGDF,2016-11-21,41.650001525878906,41.650001525878906,41.650001525878906,41.650001525878906,41.650001525878906,1500
VNGDF,2016-11-22,41.849998474121094,41.849998474121094,41.849998474121094,41.849998474121094,41.849998474121094,1450
VNGDF,2016-12-02,41.75,41.75,41.75,41.75,41.75,91150
VNGDF,2016-12-09,42.75,42.75,42.75,42.75,42.75,790
VNGDF,2016-12-21,42.900001525878906,42.900001525878906,42.900001525878906,42.900001525878906,42.900001525878906,2820
VNGDF,2016-12-23,42.75,42.75,42.75,42.75,42.75,129
VNGDF,2016-12-28,42.720001220703125,42.720001220703125,42.720001220703125,42.720001220703125,42.720001220703125,120
VNGDF,2017-01-04,43.29999923706055,43.29999923706055,43.29999923706055,43.29999923706055,43.29999923706055,1050
VNGDF,2017-01-17,43.0,43.0,43.0,43.0,43.0,4217
VNGDF,2017-01-18,42.95000076293945,42.95000076293945,42.95000076293945,42.95000076293945,42.95000076293945,1487
VNGDF,2017-01-26,43.599998474121094,43.599998474121094,43.599998474121094,43.599998474121094,43.599998474121094,278
VNGDF,2017-02-08,43.29999923706055,43.29999923706055,43.29999923706055,43.29999923706055,43.29999923706055,216
VNGDF,2017-02-09,44.25,44.25,44.25,44.25,44.25,790
VNGDF,2017-02-21,45.0,45.0,45.0,45.0,45.0,4243
VNGDF,2017-02-22,44.900001525878906,44.900001525878906,44.900001525878906,44.79999923706055,44.79999923706055,3738
VNGDF,2017-03-13,45.5,45.5,45.5,45.5,45.5,6134
VNGDF,2017-03-14,45.20000076293945,45.20000076293945,45.20000076293945,45.20000076293945,45.20000076293945,15223
VNGDF,2017-04-03,44.95000076293945,44.95000076293945,44.95000076293945,44.95000076293945,44.95000076293945,4393
VNGDF,2017-04-13,44.63460159301758,44.63460159301758,44.63460159301758,44.63460159301758,44.63460159301758,3286
VNGDF,2017-04-24,45.5,45.5,45.5,45.5,45.5,15544
VNGDF,2017-04-27,45.41999816894531,45.41999816894531,45.41999816894531,45.41999816894531,45.41999816894531,6580
VNGDF,2017-05-04,44.5,44.5,44.5,44.5,44.5,270
VNGDF,2017-05-16,45.5,45.5,45.5,45.5,45.5,535
VNGDF,2017-06-02,46.25,46.25,46.25,46.25,46.25,328
VNGDF,2017-06-13,46.20000076293945,46.20000076293945,46.45000076293945,46.20000076293945,46.45000076293945,207032
VNGDF,2017-06-26,46.400001525878906,46.400001525878906,46.400001525878906,46.400001525878906,46.400001525878906,12989
VNGDF,2017-07-12,46.25,46.25,46.45000076293945,46.25,46.45000076293945,2654
VNGDF,2017-07-20,46.869998931884766,46.869998931884766,46.970001220703125,46.869998931884766,46.970001220703125,139969
VNGDF,2017-07-26,46.95000076293945,46.95000076293945,46.95000076293945,46.95000076293945,46.95000076293945,24935
VNGDF,2017-08-15,46.95000076293945,46.95000076293945,46.95000076293945,46.95000076293945,46.95000076293945,4260
VNGDF,2017-08-22,46.25,46.25,46.5,46.25,46.5,8473
VNGDF,2017-08-29,46.349998474121094,46.349998474121094,46.349998474121094,46.349998474121094,46.349998474121094,1306
VNGDF,2017-08-30,47.25,47.25,47.25,47.25,47.25,2690
VNGDF,2017-09-11,47.099998474121094,47.099998474121094,47.099998474121094,47.099998474121094,47.099998474121094,294
VNGDF,2017-09-13,47.50080108642578,47.50080108642578,47.50080108642578,47.50080108642578,47.50080108642578,676533
VNGDF,2017-09-14,47.45000076293945,47.45000076293945,47.45000076293945,47.45000076293945,47.45000076293945,352
VNGDF,2017-09-20,47.81999969482422,47.81999969482422,47.81999969482422,47.81999969482422,47.81999969482422,200
VNGDF,2017-09-28,47.51240158081055,47.51240158081055,47.51240158081055,47.51240158081055,47.51240158081055,605
VNGDF,2017-09-29,47.5,47.5,47.70000076293945,47.5,47.70000076293945,26500
VNGDF,2017-10-16,48.45000076293945,48.45000076293945,48.45000076293945,48.45000076293945,48.45000076293945,2690
VNGDF,2017-10-17,48.54999923706055,48.54999923706055,48.54999923706055,48.54999923706055,48.54999923706055,17748
VNGDF,2017-10-19,48.47999954223633,48.47999954223633,48.47999954223633,48.47999954223633,48.47999954223633,7190
VNGDF,2017-10-23,49.03860092163086,49.03860092163086,49.03860092163086,49.03860092163086,49.03860092163086,20000
VNGDF,2017-10-25,48.69499969482422,48.69499969482422,48.69499969482422,48.69499969482422,48.69499969482422,320
VNGDF,2017-11-08,49.100799560546875,49.100799560546875,49.18080139160156,49.100799560546875,49.18080139160156,1005154
VNGDF,2017-11-13,49.0,49.0,49.0,49.0,49.0,1367
VNGDF,2017-11-20,49.0,49.0,49.0,49.0,49.0,734
VNGDF,2017-11-22,49.75,49.75,49.75,49.75,49.75,100
VNGDF,2017-11-29,50.09000015258789,50.09000015258789,50.09000015258789,50.09000015258789,50.09000015258789,59592
VNGDF,2017-12-05,50.5,50.5,50.5,50.5,50.5,560
VNGDF,2017-12-22,50.75,50.75,50.75,50.75,50.75,1484
VNGDF,2017-12-27,50.93000030517578,50.93000030517578,50.93000030517578,50.93000030517578,50.93000030517578,1593
VNGDF,2017-12-28,51.0,51.0,51.0,51.0,51.0,2937
VNGDF,2017-12-29,51.290000915527344,51.290000915527344,51.290000915527344,51.290000915527344,51.290000915527344,3625
VNGDF,2018-01-02,51.27000045776367,51.27000045776367,51.27000045776367,51.27000045776367,51.27000045776367,585
VNGDF,2018-01-04,51.779998779296875,51.779998779296875,51.779998779296875,51.779998779296875,51.779998779296875,100
VNGDF,2018-01-08,52.0099983215332,52.0099983215332,52.0099983215332,52.0099983215332,52.0099983215332,2520
VNGDF,2018-01-17,52.20000076293945,52.20000076293945,52.20000076293945,52.20000076293945,52.20000076293945,585
VNGDF,2018-01-18,52.900001525878906,52.900001525878906,53.25,52.900001525878906,53.25,7238
VNGDF,2018-02-07,51.14659881591797,51.14659881591797,51.14659881591797,51.14659881591797,51.14659881591797,4778
VNGDF,2018-02-08,50.26449966430664,50.26449966430664,50.26449966430664,50.26449966430664,50.26449966430664,1507
VNGDF,2018-02-09,49.20000076293945,49.20000076293945,49.20000076293945,49.20000076293945,49.20000076293945,100
VNGDF,2018-02-12,50.20000076293945,50.20000076293945,50.20000076293945,50.20000076293945,50.20000076293945,100
VNGDF,2018-02-14,50.339599609375,50.339599609375,50.339599609375,50.339599609375,50.339599609375,2760
VNGDF,2018-02-15,51.79999923706055,51.79999923706055,51.79999923706055,51.79999923706055,51.79999923706055,1000
VNGDF,2018-02-26,52.642601013183594,52.642601013183594,52.642601013183594,52.642601013183594,52.642601013183594,1336
VNGDF,2018-03-06,52.20000076293945,52.20000076293945,52.20000076293945,52.20000076293945,52.20000076293945,7209
VNGDF,2018-03-21,51.70000076293945,51.70000076293945,51.70000076293945,51.70000076293945,51.70000076293945,4218
VNGDF,2018-04-09,50.2400016784668,50.2400016784668,50.2400016784668,50.2400016784668,50.2400016784668,1988
VNGDF,2018-05-11,51.70000076293945,51.70000076293945,51.70000076293945,51.70000076293945,51.70000076293945,7000
VNGDF,2018-05-17,51.880001068115234,51.880001068115234,51.880001068115234,51.880001068115234,51.880001068115234,24235
VNGDF,2018-05-23,51.599998474121094,51.599998474121094,51.599998474121094,51.599998474121094,51.599998474121094,165
VNGDF,2018-05-24,51.7400016784668,51.7400016784668,51.7400016784668,51.7400016784668,51.7400016784668,59980
VNGDF,2018-06-29,52.150001525878906,52.150001525878906,52.150001525878906,52.150001525878906,52.150001525878906,3085
VNGDF,2018-07-09,52.79999923706055,52.79999923706055,52.79999923706055,52.79999923706055,52.79999923706055,1995
VNGDF,2018-08-22,54.349998474121094,54.349998474121094,54.40999984741211,54.349998474121094,54.40999984741211,27137
VNGDF,2018-08-23,54.349998474121094,54.349998474121094,54.349998474121094,54.349998474121094,54.349998474121094,886
VNGDF,2018-08-29,55.369998931884766,55.369998931884766,55.369998931884766,55.369998931884766,55.369998931884766,469
VNGDF,2018-09-06,55.099998474121094,55.099998474121094,55.099998474121094,55.099998474121094,55.099998474121094,9005
VNGDF,2018-09-21,55.95000076293945,55.95000076293945,55.95000076293945,55.95000076293945,55.95000076293945,464
VNGDF,2018-09-24,55.75,55.75,55.75,55.650001525878906,55.650001525878906,3058
VNGDF,2018-09-28,55.25,55.25,55.25,55.25,55.25,2886
VNGDF,2018-10-02,55.54999923706055,55.54999923706055,55.54999923706055,55.54999923706055,55.54999923706055,1615
VNGDF,2018-10-11,53.0,53.0,53.0,53.0,53.0,1710
VNGDF,2018-10-16,52.900001525878906,52.900001525878906,52.900001525878906,52.900001525878906,52.900001525878906,1763
VNGDF,2018-10-17,53.02000045776367,53.02000045776367,53.02000045776367,53.02000045776367,53.02000045776367,7190
VNGDF,2018-10-19,52.70000076293945,52.70000076293945,52.70000076293945,52.70000076293945,52.70000076293945,300
VNGDF,2018-10-22,52.65999984741211,52.65999984741211,52.65999984741211,52.65999984741211,52.65999984741211,2991
VNGDF,2018-10-23,51.37110137939453,51.37110137939453,51.37110137939453,51.16999816894531,51.16999816894531,254901
VNGDF,2018-11-16,51.849998474121094,51.849998474121094,51.849998474121094,51.849998474121094,51.849998474121094,875
VNGDF,2018-11-26,50.7224006652832,50.7224006652832,50.7224006652832,50.7224006652832,50.7224006652832,1970
VNGDF,2018-12-04,52.0,52.0,52.73469924926758,52.0,52.73469924926758,1089
VNGDF,2018-12-07,50.45000076293945,50.45000076293945,50.45000076293945,50.45000076293945,50.45000076293945,445
VNGDF,2018-12-28,47.19860076904297,47.19860076904297,47.19860076904297,47.19860076904297,47.19860076904297,210
VNGDF,2019-01-07,48.412498474121094,48.412498474121094,48.412498474121094,48.412498474121094,48.412498474121094,1551
VNGDF,2019-01-14,48.77000045776367,48.77000045776367,48.77000045776367,48.77000045776367,48.77000045776367,155
VNGDF,2019-01-15,48.0,48.0,48.0,48.0,48.0,10758
VNGDF,2019-01-17,49.849998474121094,49.849998474121094,49.849998474121094,49.54999923706055,49.54999923706055,1794
VNGDF,2019-02-06,51.83409881591797,51.83409881591797,51.83409881591797,51.79999923706055,51.79999923706055,7590
VNGDF,2019-02-14,52.099998474121094,52.099998474121094,52.099998474121094,52.099998474121094,52.099998474121094,19195
VNGDF,2019-02-28,52.969200134277344,52.969200134277344,52.969200134277344,52.969200134277344,52.969200134277344,21695
VNGDF,2019-03-19,54.150001525878906,54.150001525878906,54.150001525878906,54.0,54.0,6071
VNGDF,2019-03-20,53.099998474121094,53.099998474121094,53.099998474121094,53.099998474121094,53.099998474121094,4657
VNGDF,2019-03-21,54.049198150634766,54.049198150634766,54.049198150634766,54.049198150634766,54.049198150634766,20144
VNGDF,2019-04-04,54.53950119018555,54.53950119018555,54.53950119018555,54.53950119018555,54.53950119018555,114
VNGDF,2019-04-08,54.668399810791016,54.668399810791016,54.668399810791016,54.668399810791016,54.668399810791016,3286
VNGDF,2019-04-15,55.40999984741211,55.40999984741211,55.40999984741211,55.40999984741211,55.40999984741211,205
VNGDF,2019-04-16,55.25,55.25,55.25,55.25,55.25,205
VNGDF,2019-05-01,55.95000076293945,55.95000076293945,55.95000076293945,55.95000076293945,55.95000076293945,787
VNGDF,2019-05-14,54.25,54.25,54.25,54.25,54.25,100
VNGDF,2019-05-16,54.79999923706055,54.79999923706055,54.79999923706055,54.79999923706055,54.79999923706055,839
VNGDF,2019-05-17,54.599998474121094,54.599998474121094,54.599998474121094,54.599998474121094,54.599998474121094,2751
VNGDF,2019-05-24,53.848201751708984,53.848201751708984,53.848201751708984,53.848201751708984,53.848201751708984,6965
VNGDF,2019-05-29,52.650001525878906,52.650001525878906,52.650001525878906,52.650001525878906,52.650001525878906,1223
VNGDF,2019-06-04,52.85639953613281,52.85639953613281,52.85639953613281,52.85639953613281,52.85639953613281,40300
VNGDF,2019-06-14,54.70000076293945,54.70000076293945,54.70000076293945,54.70000076293945,54.70000076293945,7310
VNGDF,2019-06-18,55.558998107910156,55.558998107910156,55.558998107910156,55.558998107910156,55.558998107910156,353
VNGDF,2019-06-20,56.119998931884766,56.119998931884766,56.119998931884766,56.119998931884766,56.119998931884766,23378
VNGDF,2019-07-11,56.86000061035156,56.86000061035156,56.86000061035156,56.86000061035156,56.86000061035156,1024
VNGDF,2019-07-12,56.849998474121094,56.849998474121094,56.849998474121094,56.849998474121094,56.849998474121094,708
VNGDF,2019-07-30,57.099998474121094,57.099998474121094,57.099998474121094,57.099998474121094,57.099998474121094,840
VNGDF,2019-07-31,57.20000076293945,57.20000076293945,57.20000076293945,57.20000076293945,57.20000076293945,116
VNGDF,2019-08-06,53.900001525878906,53.900001525878906,53.900001525878906,53.900001525878906,53.900001525878906,155
VNGDF,2019-08-08,55.132598876953125,55.132598876953125,55.132598876953125,55.132598876953125,55.132598876953125,3997
VNGDF,2019-08-14,54.150001525878906,54.150001525878906,54.150001525878906,54.150001525878906,54.150001525878906,1509
VNGDF,2019-08-20,55.51100158691406,55.51100158691406,55.51100158691406,55.51100158691406,55.51100158691406,7389
VNGDF,2019-09-18,57.29999923706055,57.29999923706055,57.29999923706055,57.20000076293945,57.20000076293945,3900
VNGDF,2019-09-20,57.34560012817383,57.34560012817383,57.34560012817383,57.29999923706055,57.29999923706055,100544
VNGDF,2019-09-23,56.8734016418457,56.8734016418457,56.8734016418457,56.8734016418457,56.8734016418457,44176
VNGDF,2019-09-26,56.279998779296875,56.279998779296875,56.369998931884766,56.279998779296875,56.369998931884766,49493
VNGDF,2019-10-11,56.56999969482422,56.56999969482422,56.56999969482422,56.56999969482422,56.56999969482422,4257
VNGDF,2019-10-18,56.900001525878906,56.900001525878906,56.900001525878906,56.900001525878906,56.900001525878906,440
VNGDF,2019-10-22,57.099998474121094,57.099998474121094,57.099998474121094,57.099998474121094,57.099998474121094,180
VNGDF,2019-10-24,56.95000076293945,56.95000076293945,56.95000076293945,56.95000076293945,56.95000076293945,7165
VNGDF,2019-10-31,57.560001373291016,57.560001373291016,57.90999984741211,57.560001373291016,57.90999984741211,1245
VNGDF,2019-11-08,58.70000076293945,58.70000076293945,58.70000076293945,58.599998474121094,58.599998474121094,1517
VNGDF,2019-11-12,58.70000076293945,58.70000076293945,58.79999923706055,58.70000076293945,58.79999923706055,11349
VNGDF,2019-11-13,58.8031005859375,58.8031005859375,58.8031005859375,58.8031005859375,58.8031005859375,4722
VNGDF,2019-11-18,59.29999923706055,59.29999923706055,59.29999923706055,59.29999923706055,59.29999923706055,235
VNGDF,2019-11-20,59.20000076293945,59.20000076293945,59.20000076293945,59.20000076293945,59.20000076293945,1690
VNGDF,2019-11-22,59.08000183105469,59.08000183105469,59.08000183105469,59.08000183105469,59.08000183105469,3122
VNGDF,2019-12-02,59.18000030517578,59.18000030517578,59.18000030517578,59.18000030517578,59.18000030517578,2868
VNGDF,2019-12-04,0.0,0.0,0.0,0.0,0.0,1101
VNGDF,2019-12-11,59.599998474121094,59.599998474121094,59.599998474121094,59.599998474121094,59.599998474121094,13625
VNGDF,2019-12-12,0.0,0.0,0.0,0.0,0.0,28252
VNGDF,2019-12-16,60.505001068115234,60.505001068115234,60.54999923706055,60.47999954223633,60.47999954223633,32275
VNGDF,2019-12-17,60.79999923706055,60.79999923706055,61.0,60.79999923706055,61.0,745
VNGDF,2019-12-18,60.75,60.75,60.75,60.75,60.75,1000
VNGDF,2020-01-03,61.599998474121094,61.599998474121094,61.599998474121094,61.599998474121094,61.599998474121094,250
VNGDF,2020-01-08,0.0,0.0,0.0,0.0,0.0,36
VNGDF,2020-01-10,62.5,62.5,62.5,62.5,62.5,9465
VNGDF,2020-01-13,62.04999923706055,62.04999923706055,62.04999923706055,62.04999923706055,62.04999923706055,2636
VNGDF,2020-01-14,62.29999923706055,62.29999923706055,62.29999923706055,62.29999923706055,62.29999923706055,1913
VNGDF,2020-01-15,62.619998931884766,62.619998931884766,62.619998931884766,62.619998931884766,62.619998931884766,718
VNGDF,2020-01-16,0.0,0.0,0.0,0.0,0.0,27078
VNGDF,2020-01-24,63.5,63.5,63.5,63.5,63.5,690
VNGDF,2020-01-27,61.70000076293945,61.70000076293945,61.75,61.70000076293945,61.75,27915
VNGDF,2020-01-28,62.400001525878906,62.400001525878906,62.400001525878906,62.400001525878906,62.400001525878906,317
VNGDF,2020-02-04,63.06999969482422,63.06999969482422,63.06999969482422,63.06999969482422,63.06999969482422,7900
VNGDF,2020-02-06,63.56060028076172,63.56060028076172,63.56060028076172,63.56060028076172,63.56060028076172,4684
VNGDF,2020-02-11,64.5,64.5,64.5,64.5,64.5,2500
VNGDF,2020-02-18,64.75,64.75,64.75,64.75,64.75,100
VNGDF,2020-02-20,63.62630081176758,63.62630081176758,63.62630081176758,63.62630081176758,63.62630081176758,3400
VNGDF,2020-02-24,61.79999923706055,61.79999923706055,62.099998474121094,61.79999923706055,61.91600036621094,2012
VNGDF,2020-02-25,60.858001708984375,60.858001708984375,61.648399353027344,60.858001708984375,61.648399353027344,36795
VNGDF,2020-02-26,60.119998931884766,60.119998931884766,60.119998931884766,60.119998931884766,60.119998931884766,277
VNGDF,2020-02-27,57.0,57.0,58.33489990234375,57.0,58.33489990234375,12175
VNGDF,2020-02-28,55.56999969482422,55.56999969482422,55.56999969482422,54.845001220703125,54.900001525878906,15513
VNGDF,2020-03-02,57.54999923706055,57.54999923706055,57.54999923706055,57.54999923706055,57.54999923706055,155
VNGDF,2020-03-04,58.31330108642578,58.31330108642578,58.31330108642578,58.31330108642578,58.31330108642578,478
VNGDF,2020-03-05,58.49509811401367,58.49509811401367,58.49509811401367,58.49509811401367,58.49509811401367,11050
VNGDF,2020-03-09,53.25,53.25,53.400001525878906,53.25,53.400001525878906,3694
VNGDF,2020-03-10,53.86949920654297,53.86949920654297,54.15039825439453,53.86949920654297,54.15039825439453,10285
VNGDF,2020-03-11,53.0,53.0,53.4380989074707,52.400001525878906,53.4380989074707,56553
VNGDF,2020-03-12,48.49869918823242,48.49869918823242,48.894500732421875,48.49869918823242,48.84450149536133,2407
VNGDF,2020-03-13,49.15169906616211,49.15169906616211,49.15169906616211,48.909000396728516,48.909000396728516,6303
VNGDF,2020-03-18,46.55440139770508,46.55440139770508,46.55440139770508,45.532798767089844,45.532798767089844,11300
VNGDF,2020-03-24,45.31330108642578,45.31330108642578,45.31330108642578,45.31330108642578,45.31330108642578,551
VNGDF,2020-03-25,46.321800231933594,46.321800231933594,47.523799896240234,46.321800231933594,47.523799896240234,2665
VNGDF,2020-03-30,49.599998474121094,49.599998474121094,49.599998474121094,49.599998474121094,49.599998474121094,1879
VNGDF,2020-03-31,49.66740036010742,49.66740036010742,49.66740036010742,49.66740036010742,49.66740036010742,800
VNGDF,2020-04-06,49.512001037597656,49.512001037597656,49.512001037597656,49.512001037597656,49.512001037597656,330
VNGDF,2020-04-08,50.70709991455078,50.70709991455078,50.87699890136719,50.70709991455078,50.87699890136719,1877
VNGDF,2020-04-13,53.349998474121094,53.349998474121094,53.349998474121094,53.349998474121094,53.349998474121094,1000
VNGDF,2020-04-15,51.07500076293945,51.07500076293945,52.70859909057617,51.07500076293945,52.70859909057617,3801
VNGDF,2020-04-17,54.23529815673828,54.23529815673828,54.23529815673828,54.182899475097656,54.190399169921875,23165
VNGDF,2020-04-21,51.349998474121094,51.349998474121094,52.60150146484375,51.29999923706055,52.60150146484375,880
VNGDF,2020-04-24,53.349998474121094,53.349998474121094,53.349998474121094,53.349998474121094,53.349998474121094,12662
VNGDF,2020-04-29,56.70000076293945,56.70000076293945,56.70000076293945,55.5,55.5,21112
VNGDF,2020-04-30,55.3047981262207,55.3047981262207,55.40719985961914,55.30229949951172,55.402198791503906,37910
VNGDF,2020-05-01,53.45000076293945,53.45000076293945,53.45000076293945,53.45000076293945,53.45000076293945,155
VNGDF,2020-05-04,54.0,54.0,54.0,54.0,54.0,6531
VNGDF,2020-05-12,54.400001525878906,54.400001525878906,55.51940155029297,54.400001525878906,55.51940155029297,11399
VNGDF,2020-05-13,54.21070098876953,54.21070098876953,54.213199615478516,54.21070098876953,54.21070098876953,5620
VNGDF,2020-05-15,53.862998962402344,53.862998962402344,53.862998962402344,53.862998962402344,53.862998962402344,2000
VNGDF,2020-05-19,56.75,56.75,56.75,56.75,56.75,23035
VNGDF,2020-05-20,56.0,56.0,56.0,56.0,56.0,440
VNGDF,2020-05-22,55.79600143432617,55.79600143432617,55.79600143432617,55.79600143432617,55.79600143432617,250
VNGDF,2020-05-27,56.89680099487305,56.89680099487305,56.89680099487305,56.89680099487305,56.89680099487305,4216
VNGDF,2020-05-28,57.713600158691406,57.713600158691406,57.713600158691406,57.713600158691406,57.713600158691406,1972
VNGDF,2020-06-05,60.44540023803711,60.44540023803711,60.44540023803711,60.44540023803711,60.44540023803711,100
VNGDF,2020-06-08,60.76210021972656,60.76210021972656,60.76210021972656,60.76210021972656,60.76210021972656,2792
VNGDF,2020-06-09,61.1161003112793,61.1161003112793,61.1161003112793,60.774600982666016,60.779598236083984,33373
VNGDF,2020-06-18,58.75,58.75,59.08539962768555,58.75,59.08539962768555,653
VNGDF,2020-06-25,57.95000076293945,57.95000076293945,57.95000076293945,57.95000076293945,57.95000076293945,3200
VNGDF,2020-07-01,59.0,59.0,59.0,59.0,59.0,5994
VNGDF,2020-07-02,59.650001525878906,59.650001525878906,59.650001525878906,59.650001525878906,59.650001525878906,635
VNGDF,2020-07-14,59.53770065307617,59.53770065307617,59.53770065307617,59.47520065307617,59.47520065307617,23555
VNGDF,2020-07-15,61.109100341796875,61.109100341796875,61.109100341796875,61.109100341796875,61.109100341796875,81900
VNGDF,2020-07-22,61.84629821777344,61.84629821777344,61.84629821777344,61.84629821777344,61.84629821777344,485
VNGDF,2020-07-24,60.95909881591797,60.95909881591797,60.95909881591797,60.95909881591797,60.95909881591797,460
VNGDF,2020-07-30,61.0,61.0,61.29999923706055,61.0,61.29999923706055,6933
VNGDF,2020-08-05,62.0,62.0,63.10089874267578,61.099998474121094,63.10089874267578,32963
VNGDF,2020-08-13,64.15579986572266,64.15579986572266,64.15579986572266,64.15579986572266,64.15579986572266,3100
VNGDF,2020-08-17,64.6500015258789,64.6500015258789,64.6500015258789,64.6500015258789,64.6500015258789,160
VNGDF,2020-08-21,63.900001525878906,63.900001525878906,64.31900024414062,63.900001525878906,64.31900024414062,33361
VNGDF,2020-08-24,65.06490325927734,65.06490325927734,65.06490325927734,65.06490325927734,65.06490325927734,38023
VNGDF,2020-08-31,66.0,66.0,66.0,66.0,66.0,330
VNGDF,2020-09-03,67.62860107421875,67.62860107421875,67.62860107421875,67.56120300292969,67.59729766845703,29714
VNGDF,2020-09-09,64.5,64.5,64.5,64.5,64.5,395
VNGDF,2020-09-17,63.59640121459961,63.59640121459961,63.59640121459961,63.59640121459961,63.59640121459961,3098
VNGDF,2020-09-21,61.78089904785156,61.78089904785156,61.828399658203125,61.78089904785156,61.828399658203125,32470
VNGDF,2020-09-30,61.70000076293945,61.70000076293945,63.77000045776367,61.70000076293945,63.77000045776367,3490
VNGDF,2020-10-01,64.01069641113281,64.01069641113281,64.01069641113281,61.599998474121094,61.599998474121094,71637
VNGDF,2020-10-14,66.5,66.5,66.5,66.5,66.5,33695
VNGDF,2020-10-16,66.6500015258789,66.6500015258789,66.6500015258789,66.6500015258789,66.6500015258789,108897
VNGDF,2020-10-22,65.05000305175781,65.05000305175781,65.05000305175781,65.05000305175781,65.05000305175781,492
VNGDF,2020-10-30,63.0,63.0,63.0,61.6609001159668,61.6708984375,61133
VNGDF,2020-11-13,67.51119995117188,67.51119995117188,67.51119995117188,67.51119995117188,67.51119995117188,3200
VNGDF,2020-11-19,67.67009735107422,67.67009735107422,67.67009735107422,67.63610076904297,67.63610076904297,4415
VNGDF,2020-11-27,69.18479919433594,69.18479919433594,69.18479919433594,69.18479919433594,69.18479919433594,728
VNGDF,2020-12-02,69.58000183105469,69.58000183105469,69.58000183105469,69.58000183105469,69.58000183105469,74572
VNGDF,2020-12-04,70.07599639892578,70.07599639892578,70.07759857177734,70.07599639892578,70.07759857177734,67977
VNGDF,2020-12-10,69.94999694824219,69.94999694824219,69.94999694824219,69.94999694824219,69.94999694824219,10463
VNGDF,2020-12-17,70.5802993774414,70.5802993774414,70.5802993774414,70.13999938964844,70.13999938964844,1340
VNGDF,2020-12-18,70.3572006225586,70.3572006225586,70.3572006225586,70.3572006225586,70.3572006225586,571
VNGDF,2020-12-22,70.01239776611328,70.01239776611328,70.01239776611328,70.01239776611328,70.01239776611328,326
VNGDF,2020-12-28,70.69999694824219,70.69999694824219,70.69999694824219,70.69999694824219,70.69999694824219,1365
VNGDF,2021-01-04,69.3499984741211,69.3499984741211,69.3499984741211,69.3499984741211,69.3499984741211,113
VNGDF,2021-01-08,72.38379669189453,72.38379669189453,72.38379669189453,72.38379669189453,72.38379669189453,266
VNGDF,2021-01-11,71.45999908447266,71.45999908447266,71.45999908447266,71.45999908447266,71.45999908447266,790
VNGDF,2021-01-12,72.0,72.0,72.0,72.0,72.0,5560
VNGDF,2021-01-13,72.11139678955078,72.11139678955078,72.11139678955078,72.11139678955078,72.11139678955078,292
VNGDF,2021-01-21,73.2699966430664,73.2699966430664,73.2699966430664,73.2699966430664,73.2699966430664,275
VNGDF,2021-01-25,72.4905014038086,72.4905014038086,72.4905014038086,72.4905014038086,72.4905014038086,7008
VNGDF,2021-01-27,71.0,71.0,71.0,71.0,71.0,722
VNGDF,2021-01-28,72.43620300292969,72.43620300292969,72.43620300292969,71.97149658203125,71.97149658203125,4402
VNGDF,2021-02-01,70.9000015258789,70.9000015258789,70.9000015258789,70.9000015258789,70.9000015258789,20953
VNGDF,2021-02-02,72.0,72.0,72.0,72.0,72.0,161
VNGDF,2021-02-04,73.19999694824219,73.19999694824219,73.19999694824219,73.19999694824219,73.19999694824219,137
VNGDF,2021-02-10,74.67310333251953,74.67310333251953,74.67310333251953,74.67310333251953,74.67310333251953,2100
VNGDF,2021-02-22,74.0,74.0,74.0,74.0,74.0,800
VNGDF,2021-02-24,74.05000305175781,74.05000305175781,74.05000305175781,74.05000305175781,74.05000305175781,1010
VNGDF,2021-03-01,73.6500015258789,73.6500015258789,73.6500015258789,73.6500015258789,73.6500015258789,3004
VNGDF,2021-03-02,73.9000015258789,73.9000015258789,73.9000015258789,73.9000015258789,73.9000015258789,6780
VNGDF,2021-03-03,73.01000213623047,73.01000213623047,73.01000213623047,73.01000213623047,73.01000213623047,636
VNGDF,2021-03-08,73.47250366210938,73.47250366210938,73.67749786376953,73.0364990234375,73.0364990234375,31503
VNGDF,2021-03-09,73.44930267333984,73.44930267333984,73.44930267333984,73.44930267333984,73.44930267333984,100
VNGDF,2021-03-12,74.44999694824219,74.44999694824219,74.44999694824219,74.44999694824219,74.44999694824219,441
VNGDF,2021-03-15,75.5,75.5,75.5,75.5,75.5,930
VNGDF,2021-03-18,75.1323013305664,75.1323013305664,75.1323013305664,75.1323013305664,75.1323013305664,865
VNGDF,2021-03-19,74.05000305175781,74.05000305175781,74.05000305175781,73.62000274658203,73.91999816894531,5066
VNGDF,2021-03-22,74.5999984741211,74.5999984741211,74.5999984741211,74.5999984741211,74.5999984741211,200
VNGDF,2021-03-24,74.60710144042969,74.60710144042969,74.60710144042969,74.60710144042969,74.60710144042969,400
VNGDF,2021-03-25,73.19999694824219,73.19999694824219,73.62059783935547,73.19999694824219,73.62059783935547,6029
VNGDF,2021-03-26,74.34130096435547,74.34130096435547,74.34130096435547,74.34130096435547,74.34130096435547,1597
VNGDF,2021-04-06,77.5,77.5,77.5,77.5,77.5,415
VNGDF,2021-04-08,77.5011978149414,77.5011978149414,77.5011978149414,77.5011978149414,77.5011978149414,14000
VNGDF,2021-04-09,77.8313980102539,77.8313980102539,77.8313980102539,77.8313980102539,77.8313980102539,840
VNGDF,2021-04-12,78.07340240478516,78.07340240478516,78.07340240478516,78.07340240478516,78.07340240478516,1930
VNGDF,2021-04-14,78.44499969482422,78.44499969482422,78.58930206298828,78.44499969482422,78.58930206298828,492
VNGDF,2021-04-19,79.5,79.5,79.5,79.5,79.5,405
VNGDF,2021-04-29,79.59020233154297,79.59020233154297,79.59020233154297,79.55020141601562,79.55020141601562,31430
VNGDF,2021-05-06,79.00789642333984,79.00789642333984,79.00789642333984,79.00540161132812,79.00789642333984,3495
VNGDF,2021-05-07,80.0,80.0,80.0,80.0,80.0,2437
VNGDF,2021-05-13,77.80000305175781,77.80000305175781,77.80000305175781,77.80000305175781,77.80000305175781,640
VNGDF,2021-05-17,78.9000015258789,78.9000015258789,78.9000015258789,78.9000015258789,78.9000015258789,28903
VNGDF,2021-05-27,79.82559967041016,79.82559967041016,79.8281021118164,79.82559967041016,79.8281021118164,6040
VNGDF,2021-06-01,79.55000305175781,79.55000305175781,79.80999755859375,79.55000305175781,79.80999755859375,1934
VNGDF,2021-06-03,79.45980072021484,79.45980072021484,79.45980072021484,79.45980072021484,79.45980072021484,378
VNGDF,2021-06-04,80.07009887695312,80.07009887695312,80.07009887695312,80.07009887695312,80.07009887695312,1250
VNGDF,2021-06-08,80.0999984741211,80.0999984741211,80.0999984741211,76.94999694824219,76.94999694824219,439
VNGDF,2021-06-10,80.55000305175781,80.55000305175781,80.55000305175781,80.55000305175781,80.55000305175781,150
VNGDF,2021-06-18,79.42469787597656,79.42469787597656,79.42469787597656,79.42469787597656,79.42469787597656,6971
VNGDF,2021-07-14,83.0999984741211,83.0999984741211,83.0999984741211,82.75,82.75,1994
VNGDF,2021-07-28,83.60769653320312,83.60769653320312,83.60769653320312,83.30580139160156,83.30580139160156,7256
VNGDF,2021-07-30,83.53679656982422,83.53679656982422,83.53679656982422,83.40070343017578,83.40070343017578,29099
VNGDF,2021-08-02,83.68000030517578,83.68000030517578,83.81939697265625,83.67140197753906,83.81939697265625,1414
VNGDF,2021-08-05,83.77940368652344,83.77940368652344,83.77940368652344,83.77940368652344,83.77940368652344,160
VNGDF,2021-08-09,84.20709991455078,84.20709991455078,84.20709991455078,84.20709991455078,84.20709991455078,900
VNGDF,2021-08-11,84.20500183105469,84.20500183105469,84.36029815673828,84.20500183105469,84.36029815673828,16333
VNGDF,2021-08-18,84.54949951171875,84.54949951171875,84.54949951171875,84.30220031738281,84.30220031738281,879
VNGDF,2021-08-20,83.79940032958984,83.79940032958984,83.79940032958984,83.79940032958984,83.79940032958984,120
VNGDF,2021-08-27,85.52030181884766,85.52030181884766,85.52030181884766,85.52030181884766,85.52030181884766,6552
VNGDF,2021-08-31,86.04740142822266,86.04740142822266,86.04740142822266,86.04740142822266,86.04740142822266,3439
VNGDF,2021-09-01,86.04190063476562,86.04190063476562,86.04190063476562,86.04190063476562,86.04190063476562,1405
VNGDF,2021-09-02,85.5,85.5,85.5,85.5,85.5,123
VNGDF,2021-09-03,86.19999694824219,86.19999694824219,86.19999694824219,85.69999694824219,85.69999694824219,1169
VNGDF,2021-09-07,86.17369842529297,86.17369842529297,86.17369842529297,85.78459930419922,85.8219985961914,18321
VNGDF,2021-09-09,85.5,85.5,86.06500244140625,85.5,86.06500244140625,1566
VNGDF,2021-09-13,85.4000015258789,85.4000015258789,85.4000015258789,85.4000015258789,85.4000015258789,410
VNGDF,2021-09-14,85.0093994140625,85.0093994140625,85.0093994140625,85.0093994140625,85.0093994140625,3645
VNGDF,2021-09-21,83.18180084228516,83.18180084228516,83.18180084228516,82.73999786376953,83.03970336914062,25809
VNGDF,2021-09-22,82.93710327148438,82.93710327148438,82.93710327148438,82.93710327148438,82.93710327148438,4092
VNGDF,2021-09-23,84.75,84.75,84.75,84.24819946289062,84.24819946289062,1315
VNGDF,2021-09-28,83.49639892578125,83.49639892578125,83.49639892578125,83.49639892578125,83.49639892578125,3685
VNGDF,2021-09-29,83.04049682617188,83.04049682617188,83.04049682617188,82.91899871826172,82.91899871826172,1792
VNGDF,2021-09-30,82.67250061035156,82.67250061035156,82.67250061035156,82.67250061035156,82.67250061035156,515
VNGDF,2021-10-04,81.44999694824219,81.44999694824219,81.90399932861328,81.44999694824219,81.90399932861328,2722
VNGDF,2021-10-05,82.60379791259766,82.60379791259766,82.60379791259766,82.45120239257812,82.45120239257812,5003
VNGDF,2021-10-08,83.63179779052734,83.63179779052734,83.63179779052734,83.63179779052734,83.63179779052734,793
VNGDF,2021-10-12,82.67350006103516,82.67350006103516,82.67350006103516,82.67350006103516,82.67350006103516,8735
VNGDF,2021-10-15,84.7074966430664,84.7074966430664,84.7074966430664,84.7074966430664,84.7074966430664,709
VNGDF,2021-10-19,85.52249908447266,85.52249908447266,85.52249908447266,85.52249908447266,85.52249908447266,5438
VNGDF,2021-10-22,86.28179931640625,86.28179931640625,86.41819763183594,86.28179931640625,86.41819763183594,1037
VNGDF,2021-10-25,86.75,86.75,86.75,85.95999908447266,85.95999908447266,7650
VNGDF,2021-10-26,87.01439666748047,87.01439666748047,87.36000061035156,87.01439666748047,87.36000061035156,3930
VNGDF,2021-10-27,87.0,87.0,87.0,87.0,87.0,4023
VNGDF,2021-11-02,87.87909698486328,87.87909698486328,87.87909698486328,87.7510986328125,87.7510986328125,1377
VNGDF,2021-11-04,88.55180358886719,88.55180358886719,88.55180358886719,88.55180358886719,88.55180358886719,212
VNGDF,2021-11-05,88.80000305175781,88.80000305175781,88.80000305175781,88.80000305175781,88.80000305175781,1700
VNGDF,2021-11-08,89.26969909667969,89.26969909667969,89.3499984741211,89.26969909667969,89.3499984741211,1211
VNGDF,2021-11-09,88.69760131835938,88.69760131835938,89.1720962524414,88.69760131835938,89.1720962524414,1985
VNGDF,2021-11-10,88.80000305175781,88.80000305175781,88.8499984741211,88.80000305175781,88.8499984741211,270
VNGDF,2021-11-11,88.30000305175781,88.30000305175781,88.30000305175781,88.30000305175781,88.30000305175781,6783
VNGDF,2021-11-16,89.88999938964844,89.88999938964844,89.88999938964844,89.88999938964844,89.88999938964844,1210
VNGDF,2021-11-18,89.1854019165039,89.1854019165039,89.1854019165039,89.1854019165039,89.1854019165039,209
VNGDF,2021-11-22,90.2699966430664,90.2699966430664,90.2699966430664,90.2699966430664,90.2699966430664,2194
VNGDF,2021-11-24,88.80000305175781,88.80000305175781,88.80000305175781,88.80000305175781,88.80000305175781,903
VNGDF,2021-12-01,88.5,88.5,88.5,88.3499984741211,88.3499984741211,1750
VNGDF,2021-12-06,86.75,86.75,86.75170135498047,86.75,86.75170135498047,1600
VNGDF,2021-12-07,89.30000305175781,89.30000305175781,89.30000305175781,89.30000305175781,89.30000305175781,391
VNGDF,2021-12-09,89.0719985961914,89.0719985961914,89.0719985961914,89.06289672851562,89.06289672851562,3804
VNGDF,2021-12-14,88.52259826660156,88.52259826660156,88.52259826660156,88.09410095214844,88.09410095214844,4596
VNGDF,2021-12-21,87.2665023803711,87.2665023803711,87.2665023803711,87.2665023803711,87.2665023803711,3525
VNGDF,2021-12-23,89.67539978027344,89.67539978027344,89.67539978027344,89.67539978027344,89.67539978027344,40335
VNGDF,2021-12-29,90.9800033569336,90.9800033569336,90.9800033569336,90.89199829101562,90.89199829101562,5464
VNGDF,2022-01-04,91.1863021850586,91.1863021850586,91.1863021850586,90.64710235595703,90.64710235595703,15407
VNGDF,2022-01-07,88.49960327148438,88.49960327148438,88.49960327148438,88.49960327148438,88.49960327148438,1589
VNGDF,2022-01-10,88.0,88.0,88.0,88.0,88.0,7545
VNGDF,2022-01-11,88.74659729003906,88.74659729003906,88.82740020751953,88.1666030883789,88.1666030883789,8697
VNGDF,2022-01-12,89.88249969482422,89.88249969482422,89.88249969482422,89.88249969482422,89.88249969482422,6780
VNGDF,2022-01-18,87.37870025634766,87.37870025634766,87.37870025634766,87.37870025634766,87.37870025634766,5172
VNGDF,2022-01-21,84.9000015258789,84.9000015258789,85.0999984741211,84.7488021850586,84.7488021850586,5960
VNGDF,2022-01-24,83.30000305175781,83.30000305175781,83.30000305175781,81.32820129394531,81.84850311279297,9775
VNGDF,2022-01-25,82.55000305175781,82.55000305175781,82.55000305175781,82.0999984741211,82.0999984741211,8457
VNGDF,2022-01-26,85.5,85.5,85.5,83.5614013671875,83.65689849853516,7124
VNGDF,2022-01-27,83.54519653320312,83.54519653320312,83.90699768066406,83.43170166015625,83.43170166015625,4712
VNGDF,2022-01-28,81.62830352783203,81.62830352783203,81.62830352783203,81.62830352783203,81.62830352783203,3590
VNGDF,2022-01-31,84.54019927978516,84.54019927978516,84.54019927978516,83.86949920654297,83.86949920654297,16276
VNGDF,2022-02-02,86.6509017944336,86.6509017944336,86.6509017944336,86.6509017944336,86.6509017944336,3510
VNGDF,2022-02-03,85.73290252685547,85.73290252685547,85.7428970336914,85.73290252685547,85.7428970336914,3460
VNGDF,2022-02-04,85.29019927978516,85.29019927978516,85.2927017211914,85.29019927978516,85.2927017211914,3385
VNGDF,2022-02-07,85.94999694824219,85.94999694824219,85.94999694824219,85.55000305175781,85.5802993774414,9666
VNGDF,2022-02-08,84.88249969482422,84.88249969482422,84.88999938964844,84.86109924316406,84.86109924316406,3946
VNGDF,2022-02-09,87.0,87.0,87.0,86.81340026855469,86.81340026855469,2811
VNGDF,2022-02-10,87.4000015258789,87.4000015258789,87.4000015258789,87.4000015258789,87.4000015258789,1775
VNGDF,2022-02-16,83.9000015258789,83.9000015258789,83.9000015258789,83.9000015258789,83.9000015258789,400
VNGDF,2022-02-22,81.97899627685547,81.97899627685547,81.97899627685547,81.97899627685547,81.97899627685547,6697
VNGDF,2022-02-23,81.55000305175781,81.55000305175781,82.0,81.55000305175781,82.0,8062
VNGDF,2022-02-24,79.5,79.5,79.5,78.21910095214844,78.21910095214844,1206
VNGDF,2022-02-28,82.90149688720703,82.90149688720703,82.90149688720703,82.90149688720703,82.90149688720703,2496
VNGDF,2022-03-01,83.5,83.5,83.5,83.5,83.5,600
VNGDF,2022-03-03,83.0,83.0,83.0,83.0,83.0,119
VNGDF,2022-03-07,80.99549865722656,80.99549865722656,81.08999633789062,80.99549865722656,81.08999633789062,7740
VNGDF,2022-03-08,79.55000305175781,79.55000305175781,79.55000305175781,79.55000305175781,79.55000305175781,500
VNGDF,2022-03-09,81.02880096435547,81.02880096435547,81.02880096435547,80.9000015258789,80.9000015258789,920
VNGDF,2022-03-11,81.1500015258789,81.1500015258789,81.1500015258789,81.1500015258789,81.1500015258789,385
VNGDF,2022-03-14,80.0,80.0,80.0,80.0,80.0,283
VNGDF,2022-03-15,81.05000305175781,81.05000305175781,81.05000305175781,81.05000305175781,81.05000305175781,6854
VNGDF,2022-03-21,84.74240112304688,84.74240112304688,84.74240112304688,84.57230377197266,84.74240112304688,1542
VNGDF,2022-03-23,85.0,85.0,85.0,85.0,85.0,2899
VNGDF,2022-03-28,86.05000305175781,86.05000305175781,86.05000305175781,86.05000305175781,86.05000305175781,846
VNGDF,2022-03-29,87.25630187988281,87.25630187988281,87.25630187988281,87.13890075683594,87.21499633789062,23536
VNGDF,2022-03-30,87.5,87.5,87.5,87.5,87.5,4666
VNGDF,2022-04-06,84.5,84.5,84.5,84.5,84.5,857
VNGDF,2022-04-07,85.5,85.5,85.5,85.5,85.5,2055
VNGDF,2022-04-12,84.1500015258789,84.1500015258789,84.1500015258789,84.1500015258789,84.1500015258789,553
VNGDF,2022-04-13,83.7699966430664,83.7699966430664,83.7699966430664,83.7699966430664,83.7699966430664,10976
VNGDF,2022-04-22,82.5,82.5,82.5,82.5,82.5,500
VNGDF,2022-04-27,79.62480163574219,79.62480163574219,79.62979888916016,79.62480163574219,79.62979888916016,1818
VNGDF,2022-04-29,80.6321029663086,80.6321029663086,80.6771011352539,80.6321029663086,80.66210174560547,33674
VNGDF,2022-05-03,79.25700378417969,79.25700378417969,79.25700378417969,78.72560119628906,78.73059844970703,1735
VNGDF,2022-05-06,78.75,78.75,78.75,77.18389892578125,77.18389892578125,1503
VNGDF,2022-05-09,77.131103515625,77.131103515625,77.131103515625,77.131103515625,77.131103515625,127
VNGDF,2022-05-12,73.05000305175781,73.05000305175781,73.05000305175781,73.05000305175781,73.05000305175781,578
VNGDF,2022-05-13,76.05000305175781,76.05000305175781,76.1980972290039,75.96589660644531,75.96589660644531,7325
VNGDF,2022-05-19,73.74939727783203,73.74939727783203,73.74939727783203,73.74939727783203,73.74939727783203,2725
VNGDF,2022-05-26,77.25,77.25,77.25,77.25,77.25,130
VNGDF,2022-06-02,77.8499984741211,77.8499984741211,77.8499984741211,77.8499984741211,77.8499984741211,11760
VNGDF,2022-06-03,76.30000305175781,76.30000305175781,76.30000305175781,76.30000305175781,76.30000305175781,500
VNGDF,2022-06-09,77.78279876708984,77.78279876708984,77.79029846191406,77.7802963256836,77.79029846191406,6271
VNGDF,2022-06-14,71.41999816894531,71.41999816894531,71.71410369873047,71.41999816894531,71.71410369873047,2555
VNGDF,2022-06-15,71.55000305175781,71.55000305175781,71.55000305175781,71.55000305175781,71.55000305175781,103
VNGDF,2022-06-16,69.86000061035156,69.86000061035156,69.86000061035156,69.86000061035156,69.86000061035156,14991
VNGDF,2022-06-17,69.86000061035156,69.86000061035156,69.86000061035156,69.86000061035156,69.86000061035156,14991
VNGDF,2022-06-21,70.17310333251953,70.17310333251953,70.17310333251953,70.17310333251953,70.17310333251953,2192
VNGDF,2022-06-22,70.60710144042969,70.60710144042969,70.60710144042969,70.60459899902344,70.60459899902344,2000
VNGDF,2022-06-24,70.60710144042969,70.60710144042969,70.60710144042969,70.60459899902344,70.60459899902344,2000
VNGDF,2022-07-06,72.6500015258789,72.6500015258789,72.82779693603516,72.6500015258789,72.82779693603516,1800
VNGDF,2022-07-07,73.17340087890625,73.17340087890625,73.17340087890625,73.17340087890625,73.17340087890625,689
VNGDF,2022-07-19,73.17340087890625,73.17340087890625,73.17340087890625,73.17340087890625,73.17340087890625,689
VNGDF,2022-07-20,74.50769805908203,74.50769805908203,74.50769805908203,74.50769805908203,74.50769805908203,1798
VNGDF,2022-07-21,74.94999694824219,74.94999694824219,74.94999694824219,74.94999694824219,74.94999694824219,520
VNGDF,2022-07-22,74.94999694824219,74.94999694824219,74.94999694824219,74.94999694824219,74.94999694824219,520
VNGDF,2022-07-28,75.95950317382812,75.95950317382812,75.96199798583984,75.95950317382812,75.96199798583984,4224
VNGDF,2022-08-08,78.0999984741211,78.0999984741211,78.0999984741211,78.0999984741211,78.0999984741211,605
VNGDF,2022-08-09,78.25,78.25,78.25,78.25,78.25,1868
VNGDF,2022-08-12,80.6500015258789,80.6500015258789,80.6500015258789,80.6500015258789,80.6500015258789,3415
VNGDF,2022-08-18,80.87999725341797,80.87999725341797,81.05439758300781,80.87999725341797,81.05439758300781,14114
VNGDF,2022-08-19,80.87999725341797,80.87999725341797,81.05439758300781,80.87999725341797,81.05439758300781,14114
VNGDF,2022-08-23,78.33000183105469,78.33000183105469,78.52320098876953,78.33000183105469,78.52320098876953,6966
VNGDF,2022-08-30,76.62159729003906,76.62159729003906,76.62159729003906,76.62159729003906,76.62159729003906,348
VNGDF,2022-09-01,74.50450134277344,74.50450134277344,74.65969848632812,74.50450134277344,74.65969848632812,6205
VNGDF,2022-09-06,74.1500015258789,74.1500015258789,74.1500015258789,74.1500015258789,74.1500015258789,795
VNGDF,2022-09-07,74.64240264892578,74.64240264892578,74.64240264892578,74.64240264892578,74.64240264892578,9235
VNGDF,2022-09-08,76.25,76.25,76.25,76.25,76.25,287
VNGDF,2022-09-21,74.0,74.0,74.0,74.0,74.0,669
VNGDF,2022-09-22,71.9000015258789,71.9000015258789,71.9000015258789,71.1530990600586,71.18309783935547,4469
VNGDF,2022-09-23,70.49530029296875,70.49530029296875,70.49530029296875,70.49530029296875,70.49530029296875,1777
VNGDF,2022-09-29,68.72869873046875,68.72869873046875,68.731201171875,68.72869873046875,68.731201171875,1449
VNGDF,2022-09-30,68.72869873046875,68.72869873046875,68.731201171875,68.72869873046875,68.731201171875,1449
VNGDF,2022-10-03,70.0,70.0,70.0,70.0,70.0,250
VNGDF,2022-10-07,69.51229858398438,69.51229858398438,69.51229858398438,69.49980163574219,69.49980163574219,14243
VNGDF,2022-10-13,69.02999877929688,69.02999877929688,69.02999877929688,66.39820098876953,66.39820098876953,10646
VNGDF,2022-10-19,69.55000305175781,69.55000305175781,70.0,69.55000305175781,70.0,1725
VNGDF,2022-10-21,70.5,70.5,70.5,69.5022964477539,69.5022964477539,14380
VNGDF,2022-10-24,71.12940216064453,71.12940216064453,71.12940216064453,71.12940216064453,71.12940216064453,10246
VNGDF,2022-11-02,72.68499755859375,72.68499755859375,72.68499755859375,72.68499755859375,72.68499755859375,2700
VNGDF,2022-11-04,72.68499755859375,72.68499755859375,72.68499755859375,72.68499755859375,72.68499755859375,2700
VNGDF,2022-11-07,72.1500015258789,72.1500015258789,72.1500015258789,72.1500015258789,72.1500015258789,275
VNGDF,2022-11-09,71.5,71.5,71.5,71.5,71.5,1949
VNGDF,2022-11-10,73.74140167236328,73.74140167236328,73.74140167236328,73.74140167236328,73.74140167236328,1742
VNGDF,2022-11-11,75.0,75.0,75.0,75.0,75.0,266
VNGDF,2022-11-18,74.99250030517578,74.99250030517578,74.99250030517578,74.99250030517578,74.99250030517578,458
VNGDF,2022-11-22,75.6500015258789,75.6500015258789,75.6500015258789,75.45279693603516,75.48529815673828,13623
VNGDF,2022-11-29,75.6500015258789,75.6500015258789,75.6500015258789,75.45279693603516,75.48529815673828,13623
VNGDF,2022-12-01,77.4000015258789,77.4000015258789,77.4000015258789,77.4000015258789,77.4000015258789,1800
VNGDF,2022-12-14,76.5,76.5,76.5,76.5,76.5,380
VNGDF,2022-12-22,72.2166976928711,72.2166976928711,72.2166976928711,72.2166976928711,72.2166976928711,931
VNGDF,2022-12-23,72.75,72.75,72.75,72.75,72.75,400
VNGDF,2023-01-03,73.4000015258789,73.4000015258789,73.4000015258789,73.4000015258789,73.4000015258789,7501
VNGDF,2023-01-04,73.5,73.5,73.5,73.5,73.5,370
VNGDF,2023-01-05,71.94999694824219,71.94999694824219,71.94999694824219,71.94999694824219,71.94999694824219,1125
VNGDF,2023-01-06,72.75,72.75,72.75,72.75,72.75,400
VNGDF,2023-01-09,74.52459716796875,74.52459716796875,74.52459716796875,74.52459716796875,74.52459716796875,1350
VNGDF,2023-01-10,73.70189666748047,73.70189666748047,73.70189666748047,73.70189666748047,73.70189666748047,300
VNGDF,2023-01-13,74.5,74.5,74.5,74.5,74.5,445
VNGDF,2023-01-17,75.53970336914062,75.53970336914062,75.9114990234375,75.53970336914062,75.9114990234375,266
VNGDF,2023-01-18,74.67050170898438,74.67050170898438,74.67050170898438,74.67050170898438,74.67050170898438,2026
VNGDF,2023-01-19,73.78510284423828,73.78510284423828,73.78510284423828,73.78510284423828,73.78510284423828,675
VNGDF,2023-01-24,76.26000213623047,76.26000213623047,76.26000213623047,76.26000213623047,76.26000213623047,1890
VNGDF,2023-01-25,75.75,75.75,75.75,75.75,75.75,519
VNGDF,2023-01-27,77.24949645996094,77.24949645996094,77.24949645996094,77.24949645996094,77.24949645996094,650
VNGDF,2023-01-31,76.91449737548828,76.91449737548828,76.91449737548828,76.33180236816406,76.33180236816406,3740
VNGDF,2023-02-06,77.91809844970703,77.91809844970703,77.91809844970703,77.91809844970703,77.91809844970703,2303
VNGDF,2023-02-08,78.2958984375,78.2958984375,78.2958984375,78.2958984375,78.2958984375,700
VNGDF,2023-02-10,77.37000274658203,77.37000274658203,77.37000274658203,77.37000274658203,77.37000274658203,3971
VNGDF,2023-02-15,78.0,78.0,78.0,78.0,78.0,3550
VNGDF,2023-02-16,78.58519744873047,78.58519744873047,78.58519744873047,78.58519744873047,78.58519744873047,600
VNGDF,2023-02-17,77.30130004882812,77.30130004882812,77.30130004882812,77.0,77.24369812011719,4468
VNGDF,2023-02-21,76.5,76.5,76.5,76.5,76.5,3564
VNGDF,2023-02-23,75.90470123291016,75.90470123291016,76.45230102539062,75.90470123291016,76.45230102539062,1015
VNGDF,2023-02-24,74.98729705810547,74.98729705810547,74.98729705810547,74.98729705810547,74.98729705810547,296
VNGDF,2023-03-06,77.3499984741211,77.3499984741211,77.3499984741211,77.3499984741211,77.3499984741211,2848
VNGDF,2023-03-09,75.97699737548828,75.97699737548828,76.21179962158203,75.97699737548828,76.21179962158203,13243
VNGDF,2023-03-13,74.55999755859375,74.55999755859375,74.55999755859375,74.0,74.0,1855
VNGDF,2023-03-14,74.16960144042969,74.16960144042969,74.8323974609375,74.16960144042969,74.30970001220703,13950
VNGDF,2023-03-16,73.41089630126953,73.41089630126953,73.41089630126953,73.41089630126953,73.41089630126953,296
VNGDF,2023-03-17,74.30000305175781,74.30000305175781,74.30000305175781,74.30000305175781,74.30000305175781,1358
VNGDF,2023-03-27,75.85260009765625,75.85260009765625,75.85260009765625,75.85260009765625,75.85260009765625,1310
VNGDF,2023-03-29,75.61000061035156,75.61000061035156,75.61000061035156,75.61000061035156,75.61000061035156,584
VNGDF,2023-04-04,77.40399932861328,77.40399932861328,77.40399932861328,77.40399932861328,77.40399932861328,528
VNGDF,2023-04-06,77.46219635009766,77.46219635009766,77.46219635009766,77.46219635009766,77.46219635009766,165
VNGDF,2023-04-11,78.26640319824219,78.26640319824219,78.26640319824219,78.26640319824219,78.26640319824219,165
VNGDF,2023-04-13,77.918701171875,77.918701171875,77.918701171875,77.918701171875,77.918701171875,220
VNGDF,2023-04-14,78.66809844970703,78.66809844970703,78.66809844970703,78.6355972290039,78.6355972290039,266
VNGDF,2023-04-17,78.0,78.0,78.0,78.0,78.0,4512
VNGDF,2023-04-24,78.19999694824219,78.19999694824219,78.19999694824219,78.19999694824219,78.19999694824219,640
VNGDF,2023-04-25,77.25,77.25,77.25,77.25,77.25,287
VNGDF,2023-04-28,79.44999694824219,79.44999694824219,79.44999694824219,79.44999694824219,79.44999694824219,296
VNGDF,2023-05-09,78.55480194091797,78.55480194091797,78.55480194091797,78.55480194091797,78.55480194091797,303
VNGDF,2023-05-10,78.33329772949219,78.33329772949219,78.33329772949219,78.33329772949219,78.33329772949219,200
VNGDF,2023-05-22,79.4800033569336,79.4800033569336,79.4800033569336,79.4800033569336,79.4800033569336,555
VNGDF,2023-05-24,77.94999694824219,77.94999694824219,78.1128921508789,77.94999694824219,78.10910034179688,556
VNGDF,2023-06-02,81.05000305175781,81.05000305175781,81.05000305175781,81.05000305175781,81.05000305175781,158
VNGDF,2023-06-08,81.25,81.25,81.25,81.25,81.25,28077
VNGDF,2023-06-14,83.20079803466797,83.20079803466797,83.20079803466797,82.95600128173828,82.95600128173828,1325
VNGDF,2023-06-20,82.9446029663086,82.9446029663086,82.9446029663086,82.9446029663086,82.9446029663086,122
VNGDF,2023-06-21,83.01830291748047,83.01830291748047,83.01830291748047,82.66999816894531,82.8010025024414,5412
VNGDF,2023-06-22,83.0999984741211,83.0999984741211,83.10540008544922,83.0999984741211,83.10540008544922,749
VNGDF,2023-06-23,82.21379852294922,82.21379852294922,82.21379852294922,82.21379852294922,82.21379852294922,1046
VNGDF,2023-06-27,82.26499938964844,82.26499938964844,82.26499938964844,82.26499938964844,82.26499938964844,1201
VNGDF,2023-07-03,84.36180114746094,84.36180114746094,84.36180114746094,84.36180114746094,84.36180114746094,67700
VNGDF,2023-07-05,84.16210174560547,84.16210174560547,84.16210174560547,84.16210174560547,84.16210174560547,1130
VNGDF,2023-07-11,83.53510284423828,83.53510284423828,83.62789916992188,83.53510284423828,83.62789916992188,2982
VNGDF,2023-07-21,86.05000305175781,86.05000305175781,86.05000305175781,68.1500015258789,86.05000305175781,7001
VNGDF,2023-07-26,86.44999694824219,86.44999694824219,86.44999694824219,86.44999694824219,86.44999694824219,604
VNGDF,2023-07-28,86.87999725341797,86.87999725341797,86.87999725341797,86.87999725341797,86.87999725341797,25162
VNGDF,2023-08-03,85.77999877929688,85.77999877929688,85.77999877929688,85.77999877929688,85.77999877929688,430
VNGDF,2023-08-07,85.69000244140625,85.69000244140625,85.75,85.69000244140625,85.75,1504
VNGDF,2023-08-10,85.53949737548828,85.53949737548828,85.53949737548828,85.53949737548828,85.53949737548828,2546
VNGDF,2023-08-15,84.83999633789062,84.83999633789062,84.88999938964844,84.83999633789062,84.88999938964844,1004
VNGDF,2023-08-16,84.3125,84.3125,84.3125,84.3125,84.3125,5182
VNGDF,2023-08-18,82.57369995117188,82.57369995117188,82.57369995117188,82.57369995117188,82.57369995117188,11286
VNGDF,2023-08-21,82.84819793701172,82.84819793701172,82.84819793701172,82.84819793701172,82.84819793701172,140
VNGDF,2023-08-23,84.5,84.5,84.5,84.5,84.5,153
VNGDF,2023-08-30,85.44999694824219,85.44999694824219,85.44999694824219,85.44999694824219,85.44999694824219,833
VNGDF,2023-09-05,85.66999816894531,85.66999816894531,85.66999816894531,85.3772964477539,85.3772964477539,1731
VNGDF,2023-09-06,84.79000091552734,84.79000091552734,84.96749877929688,84.79000091552734,84.96749877929688,425
VNGDF,2023-09-13,84.88999938964844,84.88999938964844,84.91500091552734,84.88999938964844,84.91500091552734,2260
VNGDF,2023-09-14,85.19499969482422,85.19499969482422,85.19499969482422,85.19499969482422,85.19499969482422,1012
VNGDF,2023-09-19,83.94000244140625,83.94000244140625,83.94000244140625,83.94000244140625,83.94000244140625,17565
VNGDF,2023-09-21,82.36000061035156,82.36000061035156,82.36000061035156,82.36000061035156,82.36000061035156,4289
VNGDF,2023-09-22,82.1500015258789,82.1500015258789,82.33660125732422,82.1500015258789,82.33660125732422,2572
VNGDF,2023-09-25,82.05000305175781,82.05000305175781,82.05000305175781,82.05000305175781,82.05000305175781,1215
VNGDF,2023-09-26,81.26499938964844,81.26499938964844,81.51170349121094,81.26499938964844,81.51170349121094,2828
VNGDF,2023-09-28,81.22720336914062,81.22720336914062,81.22720336914062,81.22720336914062,81.22720336914062,270
VNGDF,2023-10-06,81.34269714355469,81.34269714355469,81.34269714355469,81.34269714355469,81.34269714355469,424
VNGDF,2023-10-16,83.16400146484375,83.16400146484375,83.16400146484375,83.16400146484375,83.16400146484375,1258
VNGDF,2023-10-17,82.08390045166016,82.08390045166016,82.08390045166016,82.08390045166016,82.08390045166016,656
VNGDF,2023-10-18,82.06009674072266,82.06009674072266,82.06009674072266,82.06009674072266,82.06009674072266,260
VNGDF,2023-10-19,81.27799987792969,81.27799987792969,81.83149719238281,81.27799987792969,81.83149719238281,1426
VNGDF,2023-10-20,80.6072998046875,80.6072998046875,80.6072998046875,80.6072998046875,80.6072998046875,294
VNGDF,2023-10-23,80.0250015258789,80.0250015258789,80.0250015258789,79.8949966430664,79.8949966430664,25015
VNGDF,2023-10-24,80.7300033569336,80.7300033569336,80.7300033569336,80.7300033569336,80.7300033569336,250
VNGDF,2023-11-09,82.88310241699219,82.88310241699219,83.12339782714844,82.88310241699219,83.12339782714844,9843
VNGDF,2023-11-14,84.92749786376953,84.92749786376953,84.92749786376953,84.92749786376953,84.92749786376953,2844
VNGDF,2023-11-21,86.4352035522461,86.4352035522461,86.4352035522461,86.4352035522461,86.4352035522461,350
VNGDF,2023-11-27,86.35199737548828,86.35199737548828,86.35199737548828,86.35199737548828,86.35199737548828,490
VNGDF,2023-11-28,86.3552017211914,86.3552017211914,86.3552017211914,86.3552017211914,86.3552017211914,289
VNGDF,2023-11-29,86.30370330810547,86.30370330810547,86.30370330810547,86.30370330810547,86.30370330810547,8632
VNGDF,2023-11-30,86.29930114746094,86.29930114746094,86.29930114746094,86.29930114746094,86.29930114746094,1881
VNGDF,2023-12-01,86.85299682617188,86.85299682617188,86.95850372314453,86.85299682617188,86.95850372314453,1572
VNGDF,2023-12-05,86.78839874267578,86.78839874267578,86.78839874267578,86.78839874267578,86.78839874267578,6825
VNGDF,2023-12-06,86.45999908447266,86.45999908447266,86.45999908447266,86.45999908447266,86.45999908447266,154
VNGDF,2023-12-07,87.31999969482422,87.31999969482422,87.31999969482422,87.02749633789062,87.02749633789062,796
VNGDF,2023-12-12,87.80999755859375,87.80999755859375,87.90650177001953,87.80000305175781,87.90650177001953,10148
VNGDF,2023-12-13,88.24210357666016,88.24210357666016,88.24210357666016,88.24210357666016,88.24210357666016,609
VNGDF,2023-12-14,89.49749755859375,89.49749755859375,89.9000015258789,89.49749755859375,89.9000015258789,4140
VNGDF,2023-12-15,89.36199951171875,89.36199951171875,89.36199951171875,89.36199951171875,89.36199951171875,1215
VNGDF,2023-12-18,89.70379638671875,89.70379638671875,89.70379638671875,89.70379638671875,89.70379638671875,30455
VNGDF,2023-12-20,90.45030212402344,90.45030212402344,90.45030212402344,90.45030212402344,90.45030212402344,6461
VNGDF,2023-12-21,89.4000015258789,89.4000015258789,89.85749816894531,89.4000015258789,89.85749816894531,22338
VNGDF,2023-12-27,90.75,90.75,90.75,90.75,90.75,3118
VNGDF,2023-12-28,90.80290222167969,90.80290222167969,90.80290222167969,90.80290222167969,90.80290222167969,3805
VNGDF,2024-01-03,89.41999816894531,89.41999816894531,89.41999816894531,89.41999816894531,89.41999816894531,5635
VNGDF,2024-01-05,89.2427978515625,89.2427978515625,89.39029693603516,89.2427978515625,89.38529968261719,11261
VNGDF,2024-01-09,89.94000244140625,89.94000244140625,90.12000274658203,89.94000244140625,90.12000274658203,712
VNGDF,2024-01-10,90.3812026977539,90.3812026977539,90.3812026977539,90.3812026977539,90.3812026977539,2178
VNGDF,2024-01-18,90.92669677734375,90.92669677734375,90.92669677734375,90.92669677734375,90.92669677734375,2989
VNGDF,2024-01-22,92.17639923095703,92.17639923095703,92.17639923095703,92.17639923095703,92.17639923095703,12831
VNGDF,2024-01-23,92.31109619140625,92.31109619140625,92.31109619140625,92.31109619140625,92.31109619140625,352
VNGDF,2024-01-24,92.60299682617188,92.60299682617188,92.67559814453125,92.60299682617188,92.67559814453125,7053
VNGDF,2024-01-31,92.62129974365234,92.62129974365234,92.62129974365234,92.62129974365234,92.62129974365234,2713
VNGDF,2024-02-01,92.41560363769531,92.41560363769531,92.41560363769531,92.41560363769531,92.41560363769531,280
VNGDF,2024-02-02,93.89649963378906,93.89649963378906,93.89649963378906,93.89649963378906,93.89649963378906,475
VNGDF,2024-02-05,93.0,93.0,93.95999908447266,93.0,93.95999908447266,820
VNGDF,2024-02-06,93.3770980834961,93.3770980834961,94.05000305175781,93.3770980834961,94.05000305175781,1472
VNGDF,2024-02-09,95.17310333251953,95.17310333251953,95.17310333251953,95.17310333251953,95.17310333251953,258
VNGDF,2024-02-16,95.47000122070312,95.47000122070312,95.47000122070312,95.28230285644531,95.28230285644531,4370
VNGDF,2024-02-21,93.71489715576172,93.71489715576172,93.71489715576172,93.71489715576172,93.71489715576172,241
VNGDF,2024-02-23,96.5,96.5,96.5,96.5,96.5,289
VNGDF,2024-02-27,96.19249725341797,96.19249725341797,96.19249725341797,96.19249725341797,96.19249725341797,572
VNGDF,2024-02-29,96.52999877929688,96.52999877929688,96.56420135498047,96.52999877929688,96.56420135498047,3364
VNGDF,2024-03-04,97.52629852294922,97.52629852294922,97.52629852294922,97.30000305175781,97.30000305175781,4759
VNGDF,2024-03-05,96.91670227050781,96.91670227050781,96.91670227050781,96.31780242919922,96.31780242919922,413
VNGDF,2024-03-06,96.79000091552734,96.79000091552734,96.93000030517578,96.79000091552734,96.93000030517578,2350
VNGDF,2024-03-08,98.22660064697266,98.22660064697266,98.22660064697266,98.22660064697266,98.22660064697266,7664
VNGDF,2024-03-11,96.87999725341797,96.87999725341797,97.23249816894531,96.87999725341797,97.23249816894531,3783
VNGDF,2024-03-12,98.46369934082031,98.46369934082031,98.46369934082031,98.46369934082031,98.46369934082031,208
VNGDF,2024-03-13,97.747802734375,97.747802734375,99.62000274658203,97.747802734375,98.0999984741211,2570
VNGDF,2024-03-14,97.6635971069336,97.6635971069336,97.6635971069336,97.6635971069336,97.6635971069336,2490
VNGDF,2024-03-15,97.0,97.0,97.03600311279297,96.91470336914062,97.03600311279297,1752
VNGDF,2024-03-22,99.2822036743164,99.2822036743164,99.2822036743164,99.2822036743164,99.2822036743164,195
VNGDF,2024-03-25,98.64669799804688,98.64669799804688,99.32230377197266,98.64669799804688,98.90550231933594,8018
VNGDF,2024-03-26,98.70230102539062,98.70230102539062,98.70230102539062,98.70230102539062,98.70230102539062,2068
VNGDF,2024-03-27,98.80249786376953,98.80249786376953,98.80249786376953,98.80249786376953,98.80249786376953,7293
VNGDF,2024-03-28,99.77300262451172,99.77300262451172,99.77300262451172,99.77300262451172,99.77300262451172,306
VNGDF,2024-04-02,98.75789642333984,98.75789642333984,98.75789642333984,98.75789642333984,98.75789642333984,612
VNGDF,2024-04-05,98.24669647216797,98.24669647216797,98.24669647216797,98.24669647216797,98.24669647216797,329
VNGDF,2024-04-08,98.23860168457031,98.23860168457031,98.23860168457031,98.23860168457031,98.23860168457031,161
VNGDF,2024-04-09,98.74939727783203,98.74939727783203,98.74939727783203,98.74939727783203,98.74939727783203,10297
VNGDF,2024-04-10,97.86489868164062,97.86489868164062,98.02870178222656,97.54119873046875,97.54119873046875,2827
VNGDF,2024-04-12,97.25559997558594,97.25559997558594,97.58999633789062,97.25559997558594,97.58999633789062,1269
VNGDF,2024-04-15,96.43229675292969,96.43229675292969,96.43229675292969,96.43229675292969,96.43229675292969,1304
VNGDF,2024-04-16,95.56510162353516,95.56510162353516,95.89450073242188,95.56510162353516,95.7571029663086,5347
VNGDF,2024-04-17,95.70140075683594,95.70140075683594,95.70140075683594,95.70140075683594,95.70140075683594,1929
VNGDF,2024-04-18,95.31999969482422,95.31999969482422,95.31999969482422,95.31999969482422,95.31999969482422,4380
VNGDF,2024-04-19,94.25,94.25,94.37940216064453,94.25,94.37940216064453,1208
VNGDF,2024-04-26,96.58999633789062,96.58999633789062,96.58999633789062,96.58999633789062,96.58999633789062,1577
VNGDF,2024-04-30,95.61000061035156,95.61000061035156,96.8584976196289,95.61000061035156,96.8584976196289,13712
VNGDF,2024-05-01,95.43000030517578,95.43000030517578,95.43000030517578,95.43000030517578,95.43000030517578,164
VNGDF,2024-05-02,95.33999633789062,95.33999633789062,95.33999633789062,95.1593017578125,95.1593017578125,1947
VNGDF,2024-05-03,97.22360229492188,97.22360229492188,97.22360229492188,97.22360229492188,97.22360229492188,210
VNGDF,2024-05-13,99.4000015258789,99.4000015258789,99.4000015258789,99.4000015258789,99.4000015258789,106
VNGDF,2024-05-14,99.31050109863281,99.31050109863281,99.41429901123047,99.18000030517578,99.18000030517578,5898
VNGDF,2024-05-16,100.9000015258789,100.9000015258789,100.9000015258789,100.88999938964844,100.88999938964844,1310
VNGDF,2024-05-17,100.502197265625,100.502197265625,100.502197265625,100.502197265625,100.502197265625,693
VNGDF,2024-05-20,101.0634994506836,101.0634994506836,101.0634994506836,101.0634994506836,101.0634994506836,806
VNGDF,2024-05-21,100.5999984741211,100.5999984741211,100.5999984741211,100.5999984741211,100.5999984741211,4118
VNGDF,2024-05-23,99.83000183105469,99.83000183105469,99.83000183105469,99.83000183105469,99.83000183105469,2266
VNGDF,2024-05-28,100.79419708251953,100.79419708251953,100.79419708251953,100.79419708251953,100.79419708251953,17558
VNGDF,2024-05-29,100.21620178222656,100.21620178222656,100.21620178222656,100.21620178222656,100.21620178222656,951
VNGDF,2024-06-03,100.4000015258789,100.4000015258789,100.4000015258789,100.4000015258789,100.4000015258789,3886
VNGDF,2024-06-07,101.5199966430664,101.5199966430664,101.5199966430664,101.5199966430664,101.5199966430664,767
VNGDF,2024-06-11,101.80000305175781,101.80000305175781,101.80000305175781,101.80000305175781,101.80000305175781,1620
VNGDF,2024-06-26,103.5999984741211,103.5999984741211,103.5999984741211,100.0,100.0,7077
VNGDF,2024-06-28,103.5,103.5,103.5,103.5,103.5,4570
VNGDF,2024-07-02,104.16000366210938,104.16000366210938,104.16000366210938,103.69999694824219,103.69999694824219,4049
VNGDF,2024-07-17,106.23999786376953,106.23999786376953,106.46829986572266,106.23999786376953,106.46829986572266,533
VNGDF,2024-08-07,100.9000015258789,100.9000015258789,100.9000015258789,100.9000015258789,100.9000015258789,100
VNGDF,2024-08-23,106.51000213623047,106.51000213623047,106.51000213623047,106.51000213623047,106.51000213623047,10294
VNGDF,2024-08-30,106.81610107421875,106.81610107421875,106.88999938964844,106.81610107421875,106.88999938964844,710
VNGDF,2024-09-11,103.30000305175781,103.30000305175781,103.30000305175781,103.30000305175781,103.30000305175781,10299
VNGDF,2024-09-13,106.95059967041016,106.95059967041016,106.95059967041016,106.95059967041016,106.95059967041016,815
VNGDF,2024-09-24,108.60679626464844,108.60679626464844,108.60679626464844,108.60679626464844,108.60679626464844,24531
VNGDF,2024-09-26,109.2052993774414,109.2052993774414,109.2052993774414,109.2052993774414,109.2052993774414,232
VNGDF,2024-10-07,109.20999908447266,109.20999908447266,109.20999908447266,109.20999908447266,109.20999908447266,197
VNGDF,2024-10-08,108.52999877929688,108.52999877929688,108.52999877929688,108.52999877929688,108.52999877929688,17250
VNGDF,2024-10-10,109.4000015258789,109.4000015258789,109.4000015258789,109.4000015258789,109.4000015258789,785
VNGDF,2024-10-11,110.44999694824219,110.44999694824219,110.44999694824219,110.44999694824219,110.44999694824219,365
VNGDF,2024-10-21,111.01190185546875,111.01190185546875,111.01190185546875,111.01190185546875,111.01190185546875,592
VNGDF,2024-10-24,110.05000305175781,110.05000305175781,110.05000305175781,110.05000305175781,110.05000305175781,9648
VNGDF,2024-10-31,108.98999786376953,108.98999786376953,108.98999786376953,108.98999786376953,108.98999786376953,1127
VNGDF,2024-11-04,108.87539672851562,108.87539672851562,108.87539672851562,108.87539672851562,108.87539672851562,3054
VNGDF,2024-11-06,112.1884994506836,112.1884994506836,112.1884994506836,111.9542007446289,112.05349731445312,485
VNGDF,2024-11-07,113.26920318603516,113.26920318603516,113.26920318603516,113.26920318603516,113.26920318603516,2036
VNGDF,2024-11-08,114.32160186767578,114.32160186767578,114.32160186767578,113.32579803466797,113.32579803466797,1104
VNGDF,2024-11-15,111.31999969482422,111.31999969482422,111.31999969482422,111.31999969482422,111.31999969482422,221
VNGDF,2024-11-18,111.63829803466797,111.63829803466797,111.63829803466797,111.63829803466797,111.63829803466797,710
VNGDF,2024-11-19,111.29000091552734,111.29000091552734,111.29000091552734,111.29000091552734,111.29000091552734,18837
VNGDF,2024-11-20,111.89749908447266,111.89749908447266,111.89749908447266,111.89749908447266,111.89749908447266,415
VNGDF,2024-11-21,113.19999694824219,113.19999694824219,113.19999694824219,113.19999694824219,113.19999694824219,213
VNGDF,2024-11-25,113.81439971923828,113.81439971923828,113.81439971923828,113.81439971923828,113.81439971923828,815
VNGDF,2024-11-26,113.6989974975586,113.6989974975586,113.6989974975586,113.6989974975586,113.6989974975586,282
VNGDF,2024-11-29,114.21389770507812,114.21389770507812,114.48519897460938,114.21389770507812,114.3427963256836,18274
VNGDF,2024-12-02,115.41000366210938,115.41000366210938,115.41000366210938,115.41000366210938,115.41000366210938,1405
VNGDF,2024-12-03,114.6676025390625,114.6676025390625,115.0,114.6676025390625,115.0,950
VNGDF,2024-12-05,115.52999877929688,115.52999877929688,115.52999877929688,115.52999877929688,115.52999877929688,200
VNGDF,2024-12-09,115.19999694824219,115.19999694824219,115.19999694824219,115.19999694824219,115.19999694824219,1921
VNGDF,2024-12-10,114.75,114.75,114.75,114.75,114.75,926
VNGDF,2024-12-11,115.31230163574219,115.31230163574219,115.31230163574219,115.29229736328125,115.29229736328125,7286
VNGDF,2024-12-12,114.87000274658203,114.87000274658203,115.4739990234375,114.87000274658203,115.4739990234375,17974
VNGDF,2024-12-13,114.9000015258789,114.9000015258789,115.19999694824219,114.9000015258789,115.19999694824219,4485
VNGDF,2024-12-16,115.02739715576172,115.02739715576172,115.02739715576172,114.78759765625,114.84249877929688,1817
VNGDF,2024-12-18,115.18360137939453,115.18360137939453,115.18360137939453,114.93499755859375,114.93499755859375,685
VNGDF,2024-12-19,111.3447036743164,111.3447036743164,112.29869842529297,111.3447036743164,112.29869842529297,7065
VNGDF,2024-12-20,112.34380340576172,112.34380340576172,112.34380340576172,112.34130096435547,112.34130096435547,22535
VNGDF,2024-12-23,112.77359771728516,112.77359771728516,112.77359771728516,112.77359771728516,112.77359771728516,1134
VNGDF,2024-12-24,114.29239654541016,114.29239654541016,114.29239654541016,114.06999969482422,114.14689636230469,4777
VNGDF,2024-12-26,113.55979919433594,113.55979919433594,113.55979919433594,113.55979919433594,113.55979919433594,258
VNGDF,2024-12-27,113.25150299072266,113.25150299072266,113.40989685058594,113.12460327148438,113.12460327148438,4583
VNGDF,2024-12-31,112.10350036621094,112.10350036621094,112.34770202636719,111.81670379638672,112.0,1640
VNGDF,2025-01-02,111.6614990234375,111.6614990234375,111.6614990234375,111.61090087890625,111.61090087890625,7811
VNGDF,2025-01-03,113.12100219726562,113.12100219726562,113.12100219726562,113.12100219726562,113.12100219726562,1091
VNGDF,2025-01-07,112.47000122070312,112.47000122070312,113.18000030517578,111.86419677734375,113.18000030517578,3579
VNGDF,2025-01-08,112.39140319824219,112.39140319824219,112.39140319824219,112.39140319824219,112.39140319824219,408
VNGDF,2025-01-10,111.0280990600586,111.0280990600586,111.0280990600586,110.51000213623047,110.51000213623047,2944
VNGDF,2025-01-15,112.89769744873047,112.89769744873047,112.89769744873047,112.57119750976562,112.57119750976562,5600
VNGDF,2025-01-21,114.95099639892578,114.95099639892578,114.95099639892578,114.95099639892578,114.95099639892578,950
VNGDF,2025-01-22,115.75,115.75,115.75,115.75,115.75,51835
VNGDF,2025-01-27,113.86060333251953,113.86060333251953,114.00789642333984,113.58000183105469,113.66560363769531,6877
VNGDF,2025-01-29,115.14679718017578,115.14679718017578,115.14679718017578,114.75530242919922,114.87000274658203,2478
VNGDF,2025-01-30,115.44000244140625,115.44000244140625,115.44000244140625,115.05680084228516,115.05680084228516,12755
VNGDF,2025-02-03,114.39910125732422,114.39910125732422,114.39910125732422,113.05999755859375,113.05999755859375,515
VNGDF,2025-02-04,114.58529663085938,114.58529663085938,114.58529663085938,114.22029876708984,114.27529907226562,211002
VNGDF,2025-02-05,115.0199966430664,115.0199966430664,115.0199966430664,114.86000061035156,114.86000061035156,891
VNGDF,2025-02-07,114.82710266113281,114.82710266113281,114.82710266113281,114.82710266113281,114.82710266113281,1650
VNGDF,2025-02-10,115.04900360107422,115.04900360107422,115.04900360107422,115.04900360107422,115.04900360107422,433
VNGDF,2025-02-11,114.77140045166016,114.77140045166016,114.77140045166016,114.77140045166016,114.77140045166016,149
VNGDF,2025-02-12,115.27079772949219,115.27079772949219,115.27079772949219,115.27079772949219,115.27079772949219,435
VNGDF,2025-02-13,115.4175033569336,115.4175033569336,115.45999908447266,114.92250061035156,114.92250061035156,1679
VNGDF,2025-02-19,116.67500305175781,116.67500305175781,116.67500305175781,116.67500305175781,116.67500305175781,2474
VNGDF,2025-02-21,114.6583023071289,114.6583023071289,114.66500091552734,114.6583023071289,114.66500091552734,646
VNGDF,2025-02-24,114.07730102539062,114.07730102539062,114.76730346679688,114.07730102539062,114.76730346679688,694
VNGDF,2025-02-25,112.67359924316406,112.67359924316406,112.67359924316406,112.67359924316406,112.67359924316406,349
VNGDF,2025-03-03,112.45999908447266,112.45999908447266,112.45999908447266,112.45999908447266,112.45999908447266,254
VNGDF,2025-03-04,110.9124984741211,110.9124984741211,110.9124984741211,109.2228012084961,109.2228012084961,15846
VNGDF,2025-03-07,108.97979736328125,108.97979736328125,108.97979736328125,108.58180236816406,108.58180236816406,573
VNGDF,2025-03-10,107.10929870605469,107.10929870605469,107.58999633789062,107.01850128173828,107.58999633789062,2382
VNGDF,2025-03-11,105.6488037109375,105.6488037109375,105.6488037109375,105.6488037109375,105.6488037109375,4276
VNGDF,2025-03-12,106.01219940185547,106.01219940185547,106.01219940185547,105.6500015258789,105.6500015258789,4086
VNGDF,2025-03-13,105.37999725341797,105.37999725341797,105.37999725341797,105.37999725341797,105.37999725341797,1214
VNGDF,2025-03-14,107.02690124511719,107.02690124511719,107.02690124511719,106.6500015258789,106.89849853515625,2551
VNGDF,2025-03-19,107.29000091552734,107.29000091552734,107.29000091552734,107.29000091552734,107.29000091552734,1024
VNGDF,2025-03-21,107.56120300292969,107.56120300292969,107.56120300292969,106.4457015991211,106.8635025024414,1261
VNGDF,2025-04-04,100.08000183105469,100.08000183105469,100.08000183105469,100.08000183105469,100.08000183105469,6755
VNGDF,2025-04-07,95.83999633789062,95.83999633789062,96.23999786376953,95.83999633789062,96.23999786376953,7550
VNGDF,2025-04-08,94.63860321044922,94.63860321044922,99.24710083007812,94.63860321044922,99.24710083007812,2064
VNGDF,2025-04-11,101.88999938964844,101.88999938964844,101.88999938964844,101.14219665527344,101.14219665527344,12509
VNGDF,2025-04-15,102.77999877929688,102.77999877929688,102.77999877929688,102.77999877929688,102.77999877929688,330
VNGDF,2025-04-16,101.37000274658203,101.37000274658203,101.37000274658203,101.37000274658203,101.37000274658203,2476
VNGDF,2025-04-24,104.13999938964844,104.13999938964844,104.13999938964844,103.08000183105469,103.08000183105469,515
VNGDF,2025-05-05,107.56999969482422,107.56999969482422,107.56999969482422,107.56999969482422,107.56999969482422,371
VNGDF,2025-05-07,106.38020324707031,106.38020324707031,106.38020324707031,106.38020324707031,106.38020324707031,400
VNGDF,2025-05-08,108.55860137939453,108.55860137939453,108.55860137939453,108.55860137939453,108.55860137939453,494
VNGDF,2025-05-12,111.25830078125,111.25830078125,111.25830078125,111.25830078125,111.25830078125,3967
VNGDF,2025-05-13,112.30290222167969,112.30290222167969,112.30290222167969,110.98999786376953,110.98999786376953,36517
VNGDF,2025-05-14,111.69840240478516,111.69840240478516,111.7240982055664,111.5167007446289,111.7240982055664,3695
VNGDF,2025-05-15,112.43450164794922,112.43450164794922,112.43450164794922,112.30860137939453,112.30860137939453,235
VNGDF,2025-05-19,113.49579620361328,113.49579620361328,113.49579620361328,112.17890167236328,112.17890167236328,8855
VNGDF,2025-05-20,113.04129791259766,113.04129791259766,113.04129791259766,113.04129791259766,113.04129791259766,173
VNGDF,2025-05-21,111.34220123291016,111.34220123291016,111.34220123291016,111.34220123291016,111.34220123291016,860
VNGDF,2025-05-22,111.21549987792969,111.21549987792969,111.21549987792969,111.21549987792969,111.21549987792969,900
VNGDF,2025-05-28,112.48780059814453,112.48780059814453,112.53379821777344,112.48780059814453,112.53379821777344,6326
VNGDF,2025-06-02,112.43720245361328,112.43720245361328,112.43720245361328,112.43720245361328,112.43720245361328,166
VNGDF,2025-06-05,113.77940368652344,113.77940368652344,113.77940368652344,113.77940368652344,113.77940368652344,175
VNGDF,2025-06-13,113.97550201416016,113.97550201416016,113.97550201416016,113.97550201416016,113.97550201416016,3645
VNGDF,2025-06-17,113.64080047607422,113.64080047607422,113.64080047607422,113.64080047607422,113.64080047607422,303
VNGDF,2025-06-20,113.18000030517578,113.18000030517578,113.68000030517578,113.18000030517578,113.68000030517578,4768
VNGDF,2025-06-23,113.43000030517578,113.43000030517578,113.43000030517578,113.2699966430664,113.2699966430664,620
VNGDF,2025-06-24,115.15029907226562,115.15029907226562,115.15029907226562,114.82499694824219,114.82499694824219,2080
VNGDF,2025-06-25,115.67790222167969,115.67790222167969,115.67790222167969,115.67790222167969,115.67790222167969,2308
VNGDF,2025-06-26,116.4000015258789,116.4000015258789,116.4000015258789,115.87799835205078,115.87799835205078,7060
VNGDF,2025-06-27,116.9885025024414,116.9885025024414,116.9885025024414,116.9885025024414,116.9885025024414,1375
VNGDF,2025-06-30,117.51000213623047,117.51000213623047,117.51000213623047,117.45120239257812,117.45120239257812,3431
VNGDF,2025-07-01,117.1489028930664,117.1489028930664,117.1489028930664,117.1489028930664,117.1489028930664,100
VNGDF,2025-07-02,118.32589721679688,118.32589721679688,118.32589721679688,118.32589721679688,118.32589721679688,128
VNGDF,2025-07-03,118.99199676513672,118.99199676513672,118.99199676513672,118.99199676513672,118.99199676513672,6200
